Exercise Name,Filename,YouTube Link
3/4 sit-up,3-4-sit-up.jpg,https://www.youtube.com/watch?v=DkaLZzzkKYc
45° side bend,,https://www.youtube.com/watch?v=rDn-E1xL_wA
air bike,air-bike.jpg,https://www.youtube.com/watch?v=KC-ZSfOmXgE
all fours squad stretch,,https://www.youtube.com/watch?v=PdTNAjLfybs
alternate heel touchers,alternate-heel-touchers.jpg,https://www.youtube.com/watch?v=i-BBrCVNT9A
alternate lateral pulldown,,https://www.youtube.com/watch?v=bNmvKpJSWKM
ankle circles,ankle-circles.jpg,https://www.youtube.com/watch?v=z24gW6aHJrI
archer pull up,,https://www.youtube.com/watch?v=6qtY8j92gA8
archer push up,,https://www.youtube.com/watch?v=mzr0RYNDzzI
arm slingers hanging bent knee legs,,https://www.youtube.com/watch?v=hgVidvQzNQo
arm slingers hanging straight legs,,https://www.youtube.com/watch?v=Mwn2_vN0IFI
arms apart circular toe touch (male),,https://www.youtube.com/watch?v=62fiMkNujrk
arms overhead full sit-up (male),,https://www.youtube.com/watch?v=SdIczSwWM6o
assisted chest dip (kneeling),,https://www.youtube.com/watch?v=LH9iZNaO7oU
assisted hanging knee raise,,https://www.youtube.com/watch?v=hgVidvQzNQo
assisted hanging knee raise with throw down,,https://www.youtube.com/watch?v=VhKqEBB-Cg0
assisted lying calves stretch,,https://www.youtube.com/watch?v=FgN-WXPQqOo
assisted lying glutes stretch,,https://www.youtube.com/watch?v=cj4dOfA46XY
assisted lying gluteus and piriformis stretch,,https://www.youtube.com/watch?v=IJYM-aNqtGY
assisted lying leg raise with lateral throw down,,https://www.youtube.com/watch?v=TdfRsUbODlM
assisted lying leg raise with throw down,,https://www.youtube.com/watch?v=Nf8G1p9yb-k
assisted motion russian twist,,https://www.youtube.com/watch?v=zsNuxxnMgNw
assisted parallel close grip pull-up,,https://www.youtube.com/watch?v=618kx6wiDGM
assisted prone hamstring,,https://www.youtube.com/watch?v=lGNeJsdqJwg
assisted prone lying quads stretch,,https://www.youtube.com/watch?v=RLZBBlR1C2g
assisted prone rectus femoris stretch,,https://www.youtube.com/watch?v=VLWP2z7q4Ow
assisted pull-up,,https://www.youtube.com/watch?v=CdO5BvP6Ti8
assisted seated pectoralis major stretch with stability ball,,https://www.youtube.com/watch?v=iMCcMGTiuGU
assisted side lying adductor stretch,,https://www.youtube.com/watch?v=q3KvaKkUxT0
assisted sit-up,,https://www.youtube.com/watch?v=DkaLZzzkKYc
assisted standing chin-up,,https://www.youtube.com/watch?v=CdO5BvP6Ti8
assisted standing pull-up,,https://www.youtube.com/watch?v=CdO5BvP6Ti8
assisted standing triceps extension (with towel),,https://www.youtube.com/watch?v=6qaGfCMl9zs
assisted triceps dip (kneeling),,https://www.youtube.com/watch?v=LH9iZNaO7oU
assisted wide-grip chest dip (kneeling),,https://www.youtube.com/watch?v=LH9iZNaO7oU
astride jumps (male),,https://www.youtube.com/watch?v=uLbQHAyie5w
back and forth step,,https://www.youtube.com/watch?v=ZXMZG6giIiU
back extension on exercise ball,,https://www.youtube.com/watch?v=YGqr6rLaBdM
back lever,,https://www.youtube.com/watch?v=0CD5Pqs5FCw
back pec stretch,,https://www.youtube.com/watch?v=KFixLAN6gkQ
backward jump,,https://www.youtube.com/watch?v=gh2xApIaukI
balance board,balance-board.jpg,https://www.youtube.com/watch?v=WUyN8kAB3nY
band alternating biceps curl,,https://www.youtube.com/watch?v=20xtfGZ37nw
band alternating v-up,,https://www.youtube.com/watch?v=-ipF-Xl5eY4
band assisted pull-up,band-assisted-pull-up.jpg,https://www.youtube.com/watch?v=Dx6DNiOklZI
band assisted wheel rollerout,,https://www.youtube.com/watch?v=bIaJFtFM_Eg
band bench press,,https://www.youtube.com/watch?v=nvSvFqbe-xg
band bent-over hip extension,,https://www.youtube.com/watch?v=xKaPSIgRVcY
band bicycle crunch,,https://www.youtube.com/watch?v=cFDS2S6Vqis
band close-grip pulldown,,https://www.youtube.com/watch?v=nmY4MTSFln8
band close-grip push-up,,https://www.youtube.com/watch?v=CZT3gEobyOo
band concentration curl,,https://www.youtube.com/watch?v=I_bKCYL2nL8
band fixed back close grip pulldown,,https://www.youtube.com/watch?v=nmY4MTSFln8
band fixed back underhand pulldown,,https://www.youtube.com/watch?v=afsONLbguSg
band front lateral raise,,https://www.youtube.com/watch?v=pYVlZiu2Mps
band front raise,,https://www.youtube.com/watch?v=V0wwXSlljXY
band hip lift,,https://www.youtube.com/watch?v=DCw8_gkPnuo
band horizontal pallof press,,https://www.youtube.com/watch?v=HXrLaqNIkTs
band jack knife sit-up,,https://www.youtube.com/watch?v=DB0aEkc52WE
band kneeling one arm pulldown,,https://www.youtube.com/watch?v=0P-4zHtxrPg
band kneeling twisting crunch,,https://www.youtube.com/watch?v=4LJuGTOsiCE
band lying hip internal rotation,,https://www.youtube.com/watch?v=bLgcXEtDX0k
band lying straight leg raise,,https://www.youtube.com/watch?v=TdfRsUbODlM
band one arm overhead biceps curl,,https://www.youtube.com/watch?v=XIHrZeZm9sI
band one arm single leg split squat,,https://www.youtube.com/watch?v=ynGQy_GOfrQ
band one arm standing low row,,https://www.youtube.com/watch?v=uVT8qEn-5eo
band one arm twisting chest press,,https://www.youtube.com/watch?v=lCDBer1qi9I
band one arm twisting seated row,,https://www.youtube.com/watch?v=9TWiV80cUYs
band pull through,,https://www.youtube.com/watch?v=rgYXsVfmqAE
band push sit-up,,https://www.youtube.com/watch?v=ieb8mVCnKBw
band reverse fly,,https://www.youtube.com/watch?v=mpZgDGKYEO0
band reverse wrist curl,,https://www.youtube.com/watch?v=Lwl7vcMwk9I
band seated hip internal rotation,,https://www.youtube.com/watch?v=YA8iHKyyX5g
band seated twist,,https://www.youtube.com/watch?v=0_SoNLtK5WA
band shoulder press,,https://www.youtube.com/watch?v=3KFECHGL9vM
band shrug,,https://www.youtube.com/watch?v=_6wJaVW7TyA
band side triceps extension,,https://www.youtube.com/watch?v=xPgtezPGbOk
band single leg calf raise,,https://www.youtube.com/watch?v=izcizWRAaks
band single leg reverse calf raise,,https://www.youtube.com/watch?v=izcizWRAaks
band single leg split squat,,https://www.youtube.com/watch?v=YuLqw3kHPaw
band squat,,https://www.youtube.com/watch?v=6rE0IYlMPZA
band squat row,,https://www.youtube.com/watch?v=6rE0IYlMPZA
band standing crunch,,https://www.youtube.com/watch?v=TfL3z2spfwE
band standing rear delt row,,https://www.youtube.com/watch?v=mpZgDGKYEO0
band standing twisting crunch,,https://www.youtube.com/watch?v=2vmMU-jJyj4
band step-up,,https://www.youtube.com/watch?v=VTaXzPLRAqE
band stiff leg deadlift,,https://www.youtube.com/watch?v=zTSKROuBMNY
band straight back stiff leg deadlift,,https://www.youtube.com/watch?v=zTSKROuBMNY
band straight leg deadlift,,https://www.youtube.com/watch?v=jaRAR9l1e2o
band twisting overhead press,,https://www.youtube.com/watch?v=79wEenoO-EY
band two legs calf raise - (band under both legs) v. 2,,https://www.youtube.com/watch?v=Af2Q7RaUJt4
band underhand pulldown,,https://www.youtube.com/watch?v=nmY4MTSFln8
band v-up,,https://www.youtube.com/watch?v=Opdwz8dp-0o
band vertical pallof press,,https://www.youtube.com/watch?v=5aZ0IhJS8O8
band wrist curl,,https://www.youtube.com/watch?v=b5nz0atJVvY
band y-raise,,https://www.youtube.com/watch?v=VHaM4XUxlv8
barbell alternate biceps curl,,https://www.youtube.com/watch?v=FHY_2t7R714
barbell bench front squat,,https://www.youtube.com/watch?v=N4WGYDGu6bI
barbell bench press,,https://www.youtube.com/watch?v=hWbUlkb5Ms4
barbell bench squat,,https://www.youtube.com/watch?v=dW3zj79xfrc
barbell bent arm pullover,,https://www.youtube.com/watch?v=MXfyuB6DjWE
barbell bent over row,,https://www.youtube.com/watch?v=qXrTDQG1oUQ
barbell biceps curl (with arm blaster),,https://www.youtube.com/watch?v=ez3YoWf62Eg
barbell clean and press,,https://www.youtube.com/watch?v=2mzlb1Wzcvc
barbell clean-grip front squat,,https://www.youtube.com/watch?v=N4WGYDGu6bI
barbell close-grip bench press,,https://www.youtube.com/watch?v=4yKLxOsrGfg
barbell curl,barbell-curl.jpg,https://www.youtube.com/watch?v=54x2WF1_Suc
barbell deadlift,barbell-deadlift.jpg,https://www.youtube.com/watch?v=ZaTM37cfiDs
barbell decline bench press,,https://www.youtube.com/watch?v=a-UFQE4oxWY
barbell decline bent arm pullover,,https://www.youtube.com/watch?v=Datv2L6t3-4
barbell decline close grip to skull press,,https://www.youtube.com/watch?v=4yKLxOsrGfg
barbell decline pullover,,https://www.youtube.com/watch?v=Datv2L6t3-4
barbell decline wide-grip press,,https://www.youtube.com/watch?v=a-UFQE4oxWY
barbell decline wide-grip pullover,,https://www.youtube.com/watch?v=Datv2L6t3-4
barbell drag curl,,https://www.youtube.com/watch?v=LXsp53QsBIY
barbell floor calf raise,,https://www.youtube.com/watch?v=0x-5gTONAWQ
barbell front chest squat,,https://www.youtube.com/watch?v=N4WGYDGu6bI
barbell front raise,,https://www.youtube.com/watch?v=GoyRulqvrkE
barbell front raise and pullover,,https://www.youtube.com/watch?v=GoyRulqvrkE
barbell front squat,,https://www.youtube.com/watch?v=_qv0m3tPd3s
barbell full squat,barbell-full-squat.jpg,https://www.youtube.com/watch?v=dW3zj79xfrc
barbell full squat (back pov),,https://www.youtube.com/watch?v=dW3zj79xfrc
barbell full squat (side pov),,https://www.youtube.com/watch?v=dW3zj79xfrc
barbell full zercher squat,,https://www.youtube.com/watch?v=tGNb1Wa9ENY
barbell glute bridge,barbell-glute-bridge.jpg,https://www.youtube.com/watch?v=W86oVlnLqY4
barbell glute bridge two legs on bench (male),,https://www.youtube.com/watch?v=W86oVlnLqY4
barbell good morning,,https://www.youtube.com/watch?v=YnCeFEpAZ_k
barbell guillotine bench press,barbell-guillotine-bench-press.jpg,https://www.youtube.com/watch?v=I2doN0IQhHo
barbell hack squat,barbell-hack-squat.jpg,https://www.youtube.com/watch?v=0_FUQNQzma0
barbell high bar squat,,https://www.youtube.com/watch?v=lHyQ4Jy0LSA
barbell incline bench press,,https://www.youtube.com/watch?v=98HWfiRonkE
barbell incline close grip bench press,,https://www.youtube.com/watch?v=98HWfiRonkE
barbell incline reverse-grip press,,https://www.youtube.com/watch?v=7S4GM7ywVmw
barbell incline row,,https://www.youtube.com/watch?v=MXfyuB6DjWE
barbell incline shoulder raise,barbell-incline-shoulder-raise.jpg,https://www.youtube.com/watch?v=Kl3LEzQ5Zqs
barbell jefferson squat,,https://www.youtube.com/watch?v=qQUwYp56LPw
barbell jm bench press,,https://www.youtube.com/watch?v=T6hKsaGd0bU
barbell jump squat,,https://www.youtube.com/watch?v=2NRHYu_3mwA
barbell lateral lunge,,https://www.youtube.com/watch?v=RUJxeKeEXBU
barbell low bar squat,,https://www.youtube.com/watch?v=BeM2oyJ0W0E
barbell lunge,barbell-lunge.jpg,https://www.youtube.com/watch?v=yNSXHJKYU-s
barbell lying back of the head tricep extension,,https://www.youtube.com/watch?v=K3mFeNz4e3w
barbell lying close-grip press,,https://www.youtube.com/watch?v=4yKLxOsrGfg
barbell lying close-grip triceps extension,,https://www.youtube.com/watch?v=K3mFeNz4e3w
barbell lying extension,,https://www.youtube.com/watch?v=K3mFeNz4e3w
barbell lying lifting (on hip),,https://www.youtube.com/watch?v=W86oVlnLqY4
barbell lying preacher curl,,https://www.youtube.com/watch?v=dXZl_9Ko6HI
barbell lying triceps extension,,https://www.youtube.com/watch?v=Mq9eoGIiCSU
barbell lying triceps extension skull crusher,,https://www.youtube.com/watch?v=K3mFeNz4e3w
barbell narrow stance squat,,https://www.youtube.com/watch?v=gzd9gcsr4Bs
barbell one arm bent over row,,https://www.youtube.com/watch?v=ayBUERt_w6g
barbell one arm floor press,,https://www.youtube.com/watch?v=NubSSALIqsU
barbell one arm side deadlift,,https://www.youtube.com/watch?v=lhQv50hFTn0
barbell one arm snatch,,https://www.youtube.com/watch?v=L9BULIDk6C0
barbell one leg squat,,https://www.youtube.com/watch?v=gzd9gcsr4Bs
barbell overhead squat,,https://www.youtube.com/watch?v=unQB9EUN9yM
barbell palms down wrist curl over a bench,,https://www.youtube.com/watch?v=d5YiFNoiCa0
barbell palms up wrist curl over a bench,,https://www.youtube.com/watch?v=d5YiFNoiCa0
barbell pendlay row,,https://www.youtube.com/watch?v=I1e9KgFk7fw
barbell pin presses,,https://www.youtube.com/watch?v=lgk8hcf7e9M
barbell preacher curl,,https://www.youtube.com/watch?v=7ixqAPO6JvU
barbell press sit-up,,https://www.youtube.com/watch?v=7Obmdmt2WJk
barbell prone incline curl,,https://www.youtube.com/watch?v=fXFN8_1Bh6k
barbell pullover,,https://www.youtube.com/watch?v=YlljIYKF5XA
barbell pullover to press,,https://www.youtube.com/watch?v=YlljIYKF5XA
barbell rack pull,,https://www.youtube.com/watch?v=3RMufk1jELs
barbell rear delt raise,,https://www.youtube.com/watch?v=LsT-bR_zxLo
barbell rear delt row,barbell-rear-delt-row.jpg,https://www.youtube.com/watch?v=MVkP9HWdpLs
barbell rear lunge,,https://www.youtube.com/watch?v=yNSXHJKYU-s
barbell rear lunge v. 2,,https://www.youtube.com/watch?v=yNSXHJKYU-s
barbell revers wrist curl v. 2,,https://www.youtube.com/watch?v=yz2eCSWoY4E
barbell reverse close-grip bench press,,https://www.youtube.com/watch?v=nEF0bv2FW94
barbell reverse curl,,https://www.youtube.com/watch?v=ypfd1kaI1AU
barbell reverse grip bent over row,,https://www.youtube.com/watch?v=qXrTDQG1oUQ
barbell reverse grip decline bench press,,https://www.youtube.com/watch?v=a-UFQE4oxWY
barbell reverse grip incline bench press,,https://www.youtube.com/watch?v=1hCQPj8qeNI
barbell reverse grip incline bench row,,https://www.youtube.com/watch?v=9ev4O7QGUew
barbell reverse grip skullcrusher,,https://www.youtube.com/watch?v=zR9gty7LUxE
barbell reverse preacher curl,,https://www.youtube.com/watch?v=7ixqAPO6JvU
barbell reverse wrist curl,,https://www.youtube.com/watch?v=yz2eCSWoY4E
barbell rollerout,,https://www.youtube.com/watch?v=MinlHnG7j4k
barbell rollerout from bench,,https://www.youtube.com/watch?v=YX2Pvb3Kn-k
barbell romanian deadlift,,https://www.youtube.com/watch?v=5rIqP63yWFg
barbell seated behind head military press,,https://www.youtube.com/watch?v=aYht-V5MpSM
barbell seated bradford rocky press,,https://www.youtube.com/watch?v=DHlsHmlCVi8
barbell seated calf raise,barbell-seated-calf-raise.jpg,https://www.youtube.com/watch?v=ar8nav0jGoE
barbell seated calf raise,barbell-seated-calf-raise.jpg,https://www.youtube.com/watch?v=ar8nav0jGoE
barbell seated close grip behind neck triceps extension,,https://www.youtube.com/watch?v=K3mFeNz4e3w
barbell seated close-grip concentration curl,,https://www.youtube.com/watch?v=EjUnEEfTSEY
barbell seated good morning,,https://www.youtube.com/watch?v=ttMtMSPNI3k
barbell seated overhead press,,https://www.youtube.com/watch?v=qybgyITCwcI
barbell seated overhead triceps extension,,https://www.youtube.com/watch?v=kyq27HqSUi4
barbell seated twist,,https://www.youtube.com/watch?v=bLyQbCMqCJ8
barbell shrug,barbell-shrug.jpg,https://www.youtube.com/watch?v=MlqHEfydPpE
barbell side bent v. 2,,https://www.youtube.com/watch?v=44DazvtgpGE
barbell side split squat,barbell-side-split-squat.jpg,https://www.youtube.com/watch?v=Jl1cxp0Iwv0
barbell side split squat v. 2,,https://www.youtube.com/watch?v=eB91dBOoUag
barbell single leg deadlift,,https://www.youtube.com/watch?v=iRKxRm0zLgA
barbell single leg split squat,,https://www.youtube.com/watch?v=Jl1cxp0Iwv0
barbell sitted alternate leg raise,,https://www.youtube.com/watch?v=eJqKv-yXfeA
barbell sitted alternate leg raise (female),,https://www.youtube.com/watch?v=IHDZRIvmHcw
barbell skier,,https://www.youtube.com/watch?v=pmK-w3q_mRk
barbell speed squat,,https://www.youtube.com/watch?v=gzd9gcsr4Bs
barbell split squat v. 2,,https://www.youtube.com/watch?v=or1frhkjBDc
barbell squat (on knees),,https://www.youtube.com/watch?v=gzd9gcsr4Bs
barbell squat jump step rear lunge,,https://www.youtube.com/watch?v=yNSXHJKYU-s
barbell standing ab rollerout,,https://www.youtube.com/watch?v=lpXOnRMBp5A
barbell standing back wrist curl,,https://www.youtube.com/watch?v=d5YiFNoiCa0
barbell standing bradford press,,https://www.youtube.com/watch?v=Q63JokdfgOk
barbell standing calf raise,,https://www.youtube.com/watch?v=0x-5gTONAWQ
barbell standing close grip curl,,https://www.youtube.com/watch?v=ez3YoWf62Eg
barbell standing close grip military press,,https://www.youtube.com/watch?v=1M6JMpgAtS0
barbell standing concentration curl,,https://www.youtube.com/watch?v=EjUnEEfTSEY
barbell standing front raise over head,,https://www.youtube.com/watch?v=zoN5EH50Dro
barbell standing leg calf raise,,https://www.youtube.com/watch?v=0x-5gTONAWQ
barbell standing overhead triceps extension,,https://www.youtube.com/watch?v=FQdU42yjUfA
barbell standing reverse grip curl,,https://www.youtube.com/watch?v=ZG2n5IcYIcY
barbell standing rocking leg calf raise,,https://www.youtube.com/watch?v=0x-5gTONAWQ
barbell standing twist,,https://www.youtube.com/watch?v=HfabxzkQPdg
barbell standing wide grip biceps curl,,https://www.youtube.com/watch?v=ez3YoWf62Eg
barbell standing wide military press,,https://www.youtube.com/watch?v=zoN5EH50Dro
barbell standing wide-grip curl,,https://www.youtube.com/watch?v=ez3YoWf62Eg
barbell step-up,,https://www.youtube.com/watch?v=oHUJbAlLSu4
barbell stiff leg good morning,,https://www.youtube.com/watch?v=jEO0blrPr9E
barbell straight leg deadlift,,https://www.youtube.com/watch?v=5rIqP63yWFg
barbell sumo deadlift,,https://www.youtube.com/watch?v=k_jHUVBU-T0
barbell thruster,,https://www.youtube.com/watch?v=8FhjyoAlaFg
barbell upright row,,https://www.youtube.com/watch?v=AWsGWt-VMl8
barbell upright row v. 2,,https://www.youtube.com/watch?v=AWsGWt-VMl8
barbell upright row v. 3,,https://www.youtube.com/watch?v=AWsGWt-VMl8
barbell wide bench press,,https://www.youtube.com/watch?v=XjrsqShr-Ic
barbell wide reverse grip bench press,,https://www.youtube.com/watch?v=6zWoAllRufg
barbell wide squat,,https://www.youtube.com/watch?v=dW3zj79xfrc
barbell wide-grip upright row,,https://www.youtube.com/watch?v=AWsGWt-VMl8
barbell wrist curl,,https://www.youtube.com/watch?v=d5YiFNoiCa0
barbell wrist curl v. 2,,https://www.youtube.com/watch?v=d5YiFNoiCa0
barbell zercher squat,,https://www.youtube.com/watch?v=xtMpMCCzPrU
basic toe touch (male),,https://www.youtube.com/watch?v=3lk1houtzGo
battling ropes,battling-ropes.jpg,https://www.youtube.com/watch?v=Bmdhgscsk-Y
bear crawl,,https://www.youtube.com/watch?v=iuR17xUXLeA
behind head chest stretch,behind-head-chest-stretch.jpg,https://www.youtube.com/watch?v=Vm8xjOHijek
bench dip (knees bent),,https://www.youtube.com/watch?v=4ua3MzaU0QU
bench dip on floor,,https://www.youtube.com/watch?v=9llvBAV4RHI
bench hip extension,,https://www.youtube.com/watch?v=ao2b8wn4-8o
bench pull-ups,,https://www.youtube.com/watch?v=FVqgCT9H1pg
bent knee lying twist (male),,https://www.youtube.com/watch?v=2qUtgWdPG3U
biceps leg concentration curl,,https://www.youtube.com/watch?v=EjUnEEfTSEY
biceps narrow pull-ups,,https://www.youtube.com/watch?v=FVqgCT9H1pg
biceps pull-up,,https://www.youtube.com/watch?v=rqgK88Iqn6Y
body-up,body-up.jpg,https://www.youtube.com/watch?v=71mbONoEzF8
bodyweight drop jump squat,,https://www.youtube.com/watch?v=36vnWAkL7ZQ
bodyweight incline side plank,,https://www.youtube.com/watch?v=td0RPfOF5YA
bodyweight kneeling triceps extension,,https://www.youtube.com/watch?v=BuJsdf61e1E
bodyweight side lying biceps curl,,https://www.youtube.com/watch?v=E6UOp3xYg-E
bodyweight squatting row,,https://www.youtube.com/watch?v=n_xLyzPEX7A
bodyweight squatting row (with towel),,https://www.youtube.com/watch?v=FVxT8QuAU-0
bodyweight standing calf raise,,https://www.youtube.com/watch?v=fZYTVO9-Ggk
bodyweight standing close-grip one arm row,,https://www.youtube.com/watch?v=i9BJwVCK5VQ
bodyweight standing close-grip row,,https://www.youtube.com/watch?v=BkJwKeneVyg
bodyweight standing one arm row,,https://www.youtube.com/watch?v=i9BJwVCK5VQ
bodyweight standing one arm row (with towel),,https://www.youtube.com/watch?v=FVxT8QuAU-0
bodyweight standing row,,https://www.youtube.com/watch?v=FVxT8QuAU-0
bodyweight standing row (with towel),,https://www.youtube.com/watch?v=FVxT8QuAU-0
bottoms-up,bottoms-up.jpg,https://www.youtube.com/watch?v=PAb09xRngko
box jump down with one leg stabilization,,https://www.youtube.com/watch?v=Gj_SOUhdu9A
bridge - mountain climber (cross body),,https://www.youtube.com/watch?v=mMQVgu3dX1c
burpee,,https://www.youtube.com/watch?v=xQdyIrSSFnE
butt-ups,butt-ups.jpg,https://www.youtube.com/watch?v=tTYWhtLQ1zQ
butterfly yoga pose,,https://www.youtube.com/watch?v=QV-PKq5sz5Y
cable alternate shoulder press,,https://www.youtube.com/watch?v=ERgUy2_D_aM
cable alternate triceps extension,,https://www.youtube.com/watch?v=NTk0Igxqcsk
cable assisted inverse leg curl,,https://www.youtube.com/watch?v=5K0wN3qStqU
cable bar lateral pulldown,,https://www.youtube.com/watch?v=bNmvKpJSWKM
cable bench press,,https://www.youtube.com/watch?v=LNH_lPYJnpw
cable close grip curl,,https://www.youtube.com/watch?v=CrbTqNOlFgE
cable concentration curl,,https://www.youtube.com/watch?v=I_bKCYL2nL8
cable concentration extension (on knee),,https://www.youtube.com/watch?v=zJI0gGmjRVg
cable cross-over lateral pulldown,,https://www.youtube.com/watch?v=YHumWdGGm-I
cable cross-over revers fly,,https://www.youtube.com/watch?v=YHumWdGGm-I
cable cross-over variation,,https://www.youtube.com/watch?v=A6ch0UN4SHs
cable curl,,https://www.youtube.com/watch?v=CrbTqNOlFgE
cable deadlift,,https://www.youtube.com/watch?v=PnsKpt80S30
cable decline fly,,https://www.youtube.com/watch?v=EOKbusjoNtM
cable decline one arm press,,https://www.youtube.com/watch?v=E_mT1JWOp90
cable decline press,,https://www.youtube.com/watch?v=EOKbusjoNtM
cable decline seated wide-grip row,,https://www.youtube.com/watch?v=vqPY3fDessY
cable drag curl,,https://www.youtube.com/watch?v=6Iq-upgSDWY
cable floor seated wide-grip row,,https://www.youtube.com/watch?v=vqPY3fDessY
cable forward raise,,https://www.youtube.com/watch?v=NdQE5Fhfqn4
cable front raise,,https://www.youtube.com/watch?v=NdQE5Fhfqn4
cable front shoulder raise,,https://www.youtube.com/watch?v=NdQE5Fhfqn4
cable hammer curl (with rope),,https://www.youtube.com/watch?v=YC9QZiti-40
cable high pulley overhead tricep extension,,https://www.youtube.com/watch?v=NTk0Igxqcsk
cable high row (kneeling),,https://www.youtube.com/watch?v=t-x13H1dC0w
cable hip adduction,cable-hip-adduction.jpg,https://www.youtube.com/watch?v=sFQtAuiVwyo
cable incline bench press,,https://www.youtube.com/watch?v=PfmfAeMpym4
cable incline bench row,,https://www.youtube.com/watch?v=BNygNi2VUSg
cable incline fly,,https://www.youtube.com/watch?v=QDkFWmZqVgk
cable incline fly (on stability ball),,https://www.youtube.com/watch?v=_j1kgyF3vzU
cable incline pushdown,cable-incline-pushdown.jpg,https://www.youtube.com/watch?v=4YutaAb0Wzo
cable incline triceps extension,cable-incline-triceps-extension.jpg,https://www.youtube.com/watch?v=5iCl3eY0ifk
cable judo flip,cable-judo-flip.jpg,https://www.youtube.com/watch?v=osrtPt105mE
cable kickback,,https://www.youtube.com/watch?v=n-cgsNePyFo
cable kneeling crunch,,https://www.youtube.com/watch?v=dkGwcfo9zto
cable kneeling rear delt row (with rope) (male),,https://www.youtube.com/watch?v=WcXfHh28KGU
cable kneeling triceps extension,,https://www.youtube.com/watch?v=a1aoChl_ym4
cable lat pulldown full range of motion,,https://www.youtube.com/results?search_query=cable%20lat%20pulldown%20full%20range%20of%20motion%20exercise%20workout%20tutorial
cable lateral pulldown (with rope attachment),,https://www.youtube.com/watch?v=MeczZ6iUYPo
cable lateral pulldown with v-bar,,https://www.youtube.com/results?search_query=cable%20lateral%20pulldown%20with%20v-bar%20exercise%20workout%20tutorial
cable lateral raise,,https://www.youtube.com/watch?v=lMJUXEvcMkQ
cable low fly,,https://www.youtube.com/watch?v=I-Ue34qLxc4
cable low seated row,,https://www.youtube.com/watch?v=NYok5zjbDcw
cable lying bicep curl,,https://www.youtube.com/watch?v=Io1JLGZ2cOg
cable lying close-grip curl,,https://www.youtube.com/watch?v=dyEZvuMZXsY
cable lying extension pullover (with rope attachment),,https://www.youtube.com/watch?v=H8loMHtlnHY
cable lying fly,,https://www.youtube.com/watch?v=I-Ue34qLxc4
cable lying triceps extension v. 2,,https://www.youtube.com/watch?v=jX9hlzekkPk
cable middle fly,,https://www.youtube.com/watch?v=BZbgA8GCrl0
cable one arm bent over row,,https://www.youtube.com/watch?v=e__12SdQhmI
cable one arm curl,,https://www.youtube.com/watch?v=4yTQjZvp3Nk
cable one arm decline chest fly,,https://www.youtube.com/watch?v=lCAAPoM_98Q
cable one arm fly on exercise ball,,https://www.youtube.com/watch?v=qVLnj_U6prk
cable one arm incline fly on exercise ball,,https://www.youtube.com/watch?v=_j1kgyF3vzU
cable one arm incline press,,https://www.youtube.com/watch?v=E_mT1JWOp90
cable one arm incline press on exercise ball,,https://www.youtube.com/watch?v=m5t2Q5wHGfY
cable one arm lateral bent-over,,https://www.youtube.com/watch?v=lMJUXEvcMkQ
cable one arm lateral raise,,https://www.youtube.com/watch?v=lMJUXEvcMkQ
cable one arm preacher curl,,https://www.youtube.com/watch?v=XNSLaq8EaYc
cable one arm press on exercise ball,,https://www.youtube.com/watch?v=klUjM1-yA9I
cable one arm pulldown,,https://www.youtube.com/watch?v=0VDkEX5RBC8
cable one arm reverse preacher curl,,https://www.youtube.com/watch?v=vyP7ggY_baE
cable one arm straight back high row (kneeling),,https://www.youtube.com/watch?v=9TWiV80cUYs
cable one arm tricep pushdown,,https://www.youtube.com/watch?v=CsUQLMngO7w
cable overhead curl,,https://www.youtube.com/watch?v=zwBRxWpGeZE
cable overhead curl on exercise ball,,https://www.youtube.com/watch?v=klUjM1-yA9I
cable overhead triceps extension (rope attachment),,https://www.youtube.com/watch?v=9Ark9S11uXw
cable palm rotational row,,https://www.youtube.com/watch?v=hRRuXcHZggw
cable preacher curl,cable-preacher-curl.jpg,https://www.youtube.com/watch?v=mSmV1FLJguM
cable press on exercise ball,,https://www.youtube.com/watch?v=5aZ0IhJS8O8
cable pull through (with rope),,https://www.youtube.com/watch?v=v_L0e-SntSU
cable pulldown,,https://www.youtube.com/watch?v=bNmvKpJSWKM
cable pulldown (pro lat bar),,https://www.youtube.com/watch?v=bNmvKpJSWKM
cable pulldown bicep curl,,https://www.youtube.com/watch?v=CrbTqNOlFgE
cable pushdown,,https://www.youtube.com/watch?v=1FjkhpZsaxc
cable pushdown (straight arm) v. 2,,https://www.youtube.com/watch?v=hAMcfubonDc
cable pushdown (with rope attachment),,https://www.youtube.com/watch?v=u36jNfqh8_U
cable rear delt row (stirrups),,https://www.youtube.com/watch?v=WcXfHh28KGU
cable rear delt row (with rope),,https://www.youtube.com/watch?v=WcXfHh28KGU
cable rear drive,,https://www.youtube.com/watch?v=FeERX9UwspY
cable rear pulldown,,https://www.youtube.com/watch?v=bNmvKpJSWKM
cable reverse crunch,cable-reverse-crunch.jpg,https://www.youtube.com/watch?v=b8oUb_6POhQ
cable reverse curl,,https://www.youtube.com/watch?v=KY_c3LkPZa8
cable reverse grip triceps pushdown (sz-bar) (with arm blaster),,https://www.youtube.com/watch?v=QO0geC8nyHU
cable reverse one arm curl,,https://www.youtube.com/watch?v=KY_c3LkPZa8
cable reverse preacher curl,,https://www.youtube.com/watch?v=_0icSYP3PlE
cable reverse wrist curl,,https://www.youtube.com/watch?v=LNckss7fzx4
cable reverse-grip pushdown,,https://www.youtube.com/watch?v=8IK6BkC0lWE
cable reverse-grip straight back seated high row,,https://www.youtube.com/watch?v=ufHJuVA4o0Y
cable rope crossover seated row,,https://www.youtube.com/watch?v=CsROhQ1onAg
cable rope elevated seated row,,https://www.youtube.com/watch?v=CsROhQ1onAg
cable rope extension incline bench row,,https://www.youtube.com/watch?v=BNygNi2VUSg
cable rope hammer preacher curl,,https://www.youtube.com/watch?v=YC9QZiti-40
cable rope high pulley overhead tricep extension,,https://www.youtube.com/watch?v=9Ark9S11uXw
cable rope incline tricep extension,,https://www.youtube.com/watch?v=NTk0Igxqcsk
cable rope lying on floor tricep extension,,https://www.youtube.com/watch?v=4NWWB0f0vzQ
cable rope one arm hammer preacher curl,,https://www.youtube.com/watch?v=YC9QZiti-40
cable rope seated row,,https://www.youtube.com/watch?v=qD1WZ5pSuvk
cable russian twists (on stability ball),,https://www.youtube.com/watch?v=99d2aPkgmDA
cable seated chest press,,https://www.youtube.com/watch?v=LNH_lPYJnpw
cable seated crunch,cable-seated-crunch.jpg,https://www.youtube.com/watch?v=mkE_gNDQN8o
cable seated curl,,https://www.youtube.com/watch?v=CrbTqNOlFgE
cable seated high row (v-bar),,https://www.youtube.com/watch?v=vqPY3fDessY
cable seated one arm alternate row,,https://www.youtube.com/watch?v=yIvvQc2Z6uM
cable seated one arm concentration curl,,https://www.youtube.com/watch?v=I_bKCYL2nL8
cable seated overhead curl,,https://www.youtube.com/watch?v=tdpX7K6CjWc
cable seated rear lateral raise,,https://www.youtube.com/watch?v=23VoAvqwSzo
cable seated row,,https://www.youtube.com/watch?v=CsROhQ1onAg
cable seated shoulder internal rotation,,https://www.youtube.com/watch?v=kBhQ4B7rl0w
cable seated twist,,https://www.youtube.com/watch?v=yglSetVOFeA
cable seated wide-grip row,,https://www.youtube.com/watch?v=vqPY3fDessY
cable shoulder press,cable-shoulder-press.jpg,https://www.youtube.com/watch?v=ERgUy2_D_aM
cable shrug,,https://www.youtube.com/watch?v=JxaV9n9l2Y8
cable side bend,,https://www.youtube.com/watch?v=SnDugbaMI9Q
cable side bend crunch (bosu ball),,https://www.youtube.com/watch?v=4mIbpBoWuWo
cable side crunch,,https://www.youtube.com/watch?v=_5rpm-8ux0A
cable squat row (with rope attachment),,https://www.youtube.com/watch?v=tlb6fMI3XXg
cable squatting curl,,https://www.youtube.com/watch?v=bkwW1flKchc
cable standing back wrist curl,,https://www.youtube.com/watch?v=Avvmae4hIMA
cable standing calf raise,,https://www.youtube.com/watch?v=52nzYZk7ETg
cable standing cross-over high reverse fly,,https://www.youtube.com/watch?v=YHumWdGGm-I
cable standing crunch,,https://www.youtube.com/watch?v=EtZoHYaPeCw
cable standing crunch (with rope attachment),,https://www.youtube.com/watch?v=JzaIPJ8GV_w
cable standing fly,,https://www.youtube.com/watch?v=I-Ue34qLxc4
cable standing hip extension,,https://www.youtube.com/watch?v=xpcp_BfeWks
cable standing inner curl,,https://www.youtube.com/watch?v=CrbTqNOlFgE
cable standing lift,,https://www.youtube.com/watch?v=V_gTqVVQYok
cable standing one arm triceps extension,,https://www.youtube.com/watch?v=7lYeoKRXO-0
cable standing one leg calf raise,,https://www.youtube.com/watch?v=52nzYZk7ETg
cable standing pulldown (with rope),,https://www.youtube.com/watch?v=MeczZ6iUYPo
cable standing rear delt row (with rope),,https://www.youtube.com/watch?v=WcXfHh28KGU
cable standing reverse grip one arm overhead tricep extension,,https://www.youtube.com/watch?v=obMhH76r6ic
cable standing row (v-bar),,https://www.youtube.com/watch?v=lP6OsZSf8Xk
cable standing shoulder external rotation,,https://www.youtube.com/watch?v=oyXJ1lykdig
cable standing twist row (v-bar),,https://www.youtube.com/watch?v=lP6OsZSf8Xk
cable standing up straight crossovers,,https://www.youtube.com/watch?v=Dol-qqvHoKc
cable straight arm pulldown,,https://www.youtube.com/watch?v=hAMcfubonDc
cable straight arm pulldown (with rope),,https://www.youtube.com/watch?v=RtL11I6oX48
cable straight back seated row,,https://www.youtube.com/watch?v=qD1WZ5pSuvk
cable supine reverse fly,,https://www.youtube.com/watch?v=YHumWdGGm-I
cable thibaudeau kayak row,,https://www.youtube.com/watch?v=5Vfrsad2M8Y
cable triceps pushdown (v-bar),,https://www.youtube.com/watch?v=u6sqENBsXjg
cable triceps pushdown (v-bar) (with arm blaster),,https://www.youtube.com/watch?v=u6sqENBsXjg
cable tuck reverse crunch,,https://www.youtube.com/watch?v=FNPPksKuzt8
cable twist,,https://www.youtube.com/watch?v=yglSetVOFeA
cable twist (up-down),,https://www.youtube.com/watch?v=2qehvrTbpuA
cable twisting pull,,https://www.youtube.com/watch?v=YIU0U_B57rU
cable two arm curl on incline bench,,https://www.youtube.com/watch?v=fXFN8_1Bh6k
cable two arm tricep kickback,,https://www.youtube.com/watch?v=lcj_g59eBzE
cable underhand pulldown,,https://www.youtube.com/watch?v=evVzZ71FrUU
cable upper chest crossovers,,https://www.youtube.com/watch?v=R2ANv-6JG3A
cable upper row,,https://www.youtube.com/watch?v=vqPY3fDessY
cable upright row,,https://www.youtube.com/watch?v=MVDNQt5NgKI
cable wide grip rear pulldown behind neck,,https://www.youtube.com/watch?v=SPG4Tfua4bw
cable wrist curl,cable-wrist-curl.jpg,https://www.youtube.com/watch?v=Avvmae4hIMA
calf push stretch with hands against wall,,https://www.youtube.com/watch?v=tUA4MO1kXV8
calf stretch with hands against wall,,https://www.youtube.com/watch?v=tUA4MO1kXV8
calf stretch with rope,,https://www.youtube.com/watch?v=1FH9Jt0h5gQ
cambered bar lying row,,https://www.youtube.com/watch?v=fszj58wM7ek
captains chair straight leg raise,,https://www.youtube.com/watch?v=Q-HRZLba_20
chair leg extended stretch,chair-leg-extended-stretch.jpg,https://www.youtube.com/watch?v=9Du-oWjs_lE
chest and front of shoulder stretch,chest-and-front-of-shoulder-stretch.jpg,https://www.youtube.com/watch?v=KFixLAN6gkQ
chest dip,,https://www.youtube.com/watch?v=Nd43B5LFtgk
chest dip (on dip-pull-up cage),,https://www.youtube.com/watch?v=ci5tcFgIntI
chest dip on straight bar,,https://www.youtube.com/watch?v=ZE3jWrfR2TA
chest stretch with exercise ball,,https://www.youtube.com/watch?v=_wLaGrH0dXM
chest tap push-up (male),,https://www.youtube.com/watch?v=tH62wgyExXg
chin-up,chin-up.jpg,https://www.youtube.com/watch?v=Oi3bW9nQmGI
chin-ups (narrow parallel grip),,https://www.youtube.com/watch?v=Oi3bW9nQmGI
circles knee stretch,,https://www.youtube.com/watch?v=TM-WRpb6Eec
clap push up,,https://www.youtube.com/watch?v=Wu6xhEcXhvA
clock push-up,clock-push-up.jpg,https://www.youtube.com/watch?v=l3sJ9sofgBA
close grip chin-up,,https://www.youtube.com/watch?v=Oi3bW9nQmGI
close-grip push-up,,https://www.youtube.com/watch?v=CZT3gEobyOo
close-grip push-up (on knees),,https://www.youtube.com/watch?v=5afQUU8VllM
cocoons,cocoons.jpg,https://www.youtube.com/watch?v=Jy1I3Cm_s7E
crab twist toe touch,,https://www.youtube.com/watch?v=XxCT4-iSrQs
cross body crunch,cross-body-crunch.jpg,https://www.youtube.com/watch?v=0JrWeUgNjys
crunch (hands overhead),crunch-hands-overhead.jpg,https://www.youtube.com/watch?v=cXqhzgSevNY
crunch (on stability ball),,https://www.youtube.com/watch?v=lnQSXe10qFQ
"crunch (on stability ball, arms straight)",,https://www.youtube.com/watch?v=yfSi9pYYY0w
crunch floor,,https://www.youtube.com/watch?v=f6ohm-OtTxg
curl-up,,https://www.youtube.com/watch?v=e0xkSRE8_Cw
curtsey squat,,https://www.youtube.com/watch?v=WAW-2ehQ1GM
cycle cross trainer,,https://www.youtube.com/watch?v=G1H_WKqifsc
dead bug,dead-bug.jpg,https://www.youtube.com/watch?v=5c-vucY3beU
decline crunch,decline-crunch.jpg,https://www.youtube.com/watch?v=xfNAzPwNRqw
decline push-up,decline-push-up.jpg,https://www.youtube.com/watch?v=dcV-ATSeryA
decline sit-up,,https://www.youtube.com/watch?v=xfNAzPwNRqw
deep push up,,https://www.youtube.com/watch?v=FoRTyTUDE8M
diamond push-up,,https://www.youtube.com/watch?v=PPTj-MW2tcs
donkey calf raise,,https://www.youtube.com/watch?v=8ddEGLIhcPQ
drop push up,,https://www.youtube.com/watch?v=FoRTyTUDE8M
dumbbell alternate biceps curl,,https://www.youtube.com/watch?v=FHY_2t7R714
dumbbell alternate biceps curl (with arm blaster),,https://www.youtube.com/watch?v=_aoad2yuP5w
dumbbell alternate hammer preacher curl,,https://www.youtube.com/watch?v=lmIo_gVE8T4
dumbbell alternate preacher curl,,https://www.youtube.com/watch?v=RT5LFzBUvno
dumbbell alternate seated hammer curl,,https://www.youtube.com/watch?v=Z7gLnOCO89c
dumbbell alternate side press,,https://www.youtube.com/watch?v=1yaJFa-bVKI
dumbbell alternating bicep curl with leg raised on exercise ball,,https://www.youtube.com/watch?v=FHY_2t7R714
dumbbell alternating seated bicep curl on exercise ball,,https://www.youtube.com/watch?v=_aoad2yuP5w
dumbbell arnold press,,https://www.youtube.com/watch?v=69z2KymlEvQ
dumbbell arnold press v. 2,,https://www.youtube.com/watch?v=Tux8PGVa9wQ
dumbbell around pullover,,https://www.youtube.com/watch?v=Datv2L6t3-4
dumbbell bench press,dumbbell-bench-press.jpg,https://www.youtube.com/watch?v=mTaiQemkEpU
dumbbell bench seated press,,https://www.youtube.com/watch?v=mTaiQemkEpU
dumbbell bench squat,,https://www.youtube.com/watch?v=OTyb4YUDYYY
dumbbell bent over row,,https://www.youtube.com/watch?v=ayBUERt_w6g
dumbbell bicep curl lunge with bowling motion,,https://www.youtube.com/watch?v=s7qcUKSeDf4
dumbbell bicep curl on exercise ball with leg raised,,https://www.youtube.com/watch?v=iui51E31sX8
dumbbell bicep curl with stork stance,,https://www.youtube.com/watch?v=2jpteC44QKg
dumbbell biceps curl,,https://www.youtube.com/watch?v=iui51E31sX8
dumbbell biceps curl (with arm blaster),,https://www.youtube.com/watch?v=dJMM5j6pqZ8
dumbbell biceps curl reverse,,https://www.youtube.com/watch?v=Dd1wdWUqIGo
dumbbell biceps curl squat,,https://www.youtube.com/watch?v=Y_hSruUNZq0
dumbbell biceps curl v sit on bosu ball,,https://www.youtube.com/watch?v=5_u42ekpfiM
dumbbell burpee,,https://www.youtube.com/watch?v=hb4ws5xlblo
dumbbell clean,dumbbell-clean.jpg,https://www.youtube.com/watch?v=jsdYBScInT4
dumbbell close grip press,,https://www.youtube.com/watch?v=EvjftwN-nSY
dumbbell close-grip press,,https://www.youtube.com/watch?v=EvjftwN-nSY
dumbbell concentration curl,,https://www.youtube.com/watch?v=EjUnEEfTSEY
dumbbell contralateral forward lunge,,https://www.youtube.com/watch?v=n-YxYV5lTHc
dumbbell cross body hammer curl,,https://www.youtube.com/watch?v=qmQkt1Y-FX8
dumbbell cross body hammer curl v. 2,,https://www.youtube.com/watch?v=qmQkt1Y-FX8
dumbbell cuban press,,https://www.youtube.com/watch?v=rv41bj3JTkQ
dumbbell cuban press v. 2,,https://www.youtube.com/watch?v=rv41bj3JTkQ
dumbbell deadlift,,https://www.youtube.com/watch?v=YQgs03p3UxE
dumbbell decline bench press,,https://www.youtube.com/watch?v=1OdTFeN90W4
dumbbell decline fly,,https://www.youtube.com/watch?v=iTbBtbjHG7A
dumbbell decline hammer press,,https://www.youtube.com/watch?v=1OdTFeN90W4
dumbbell decline one arm fly,,https://www.youtube.com/watch?v=E_mT1JWOp90
dumbbell decline one arm hammer press,,https://www.youtube.com/watch?v=5Kh4_f6G4x0
dumbbell decline shrug,,https://www.youtube.com/watch?v=rFsSeClGnNA
dumbbell decline shrug v. 2,,https://www.youtube.com/watch?v=rFsSeClGnNA
dumbbell decline triceps extension,,https://www.youtube.com/watch?v=8IXB2dE1IJA
dumbbell decline twist fly,,https://www.youtube.com/watch?v=iTbBtbjHG7A
dumbbell finger curls,,https://www.youtube.com/watch?v=wSwo6mKHgZI
dumbbell fly,,https://www.youtube.com/watch?v=rk8YayRoTRQ
dumbbell fly on exercise ball,,https://www.youtube.com/watch?v=_j1kgyF3vzU
dumbbell forward lunge triceps extension,,https://www.youtube.com/watch?v=AYqg9S5FrUU
dumbbell front raise,,https://www.youtube.com/watch?v=9ThlTL25DH8
dumbbell front raise v. 2,,https://www.youtube.com/watch?v=h9xfpTrAvkE
dumbbell full can lateral raise,,https://www.youtube.com/watch?v=Kl3LEzQ5Zqs
dumbbell goblet squat,,https://www.youtube.com/watch?v=lRYBbchqxtI
dumbbell hammer curl,,https://www.youtube.com/watch?v=lmIo_gVE8T4
dumbbell hammer curl on exercise ball,,https://www.youtube.com/watch?v=VqoFbCmRyyk
dumbbell hammer curl v. 2,,https://www.youtube.com/watch?v=26wMyQKQGyQ
dumbbell hammer curls (with arm blaster),,https://www.youtube.com/watch?v=26wMyQKQGyQ
dumbbell high curl,,https://www.youtube.com/watch?v=iui51E31sX8
dumbbell incline alternate press,,https://www.youtube.com/watch?v=8fXfwG4ftaQ
dumbbell incline bench press,,https://www.youtube.com/watch?v=IP4oeKh1Sd4
dumbbell incline biceps curl,,https://www.youtube.com/watch?v=uCUaRFlA9vE
dumbbell incline breeding,,https://www.youtube.com/watch?v=5orOHJL2qS4
dumbbell incline curl,,https://www.youtube.com/watch?v=fXFN8_1Bh6k
dumbbell incline curl v. 2,,https://www.youtube.com/watch?v=HhHHBj3qTJ4
dumbbell incline fly,,https://www.youtube.com/watch?v=rk8YayRoTRQ
dumbbell incline fly on exercise ball,,https://www.youtube.com/watch?v=Ll8cnQq41gQ
dumbbell incline hammer curl,,https://www.youtube.com/watch?v=8Af8ZxOsG2o
dumbbell incline hammer press,,https://www.youtube.com/watch?v=8fXfwG4ftaQ
dumbbell incline hammer press on exercise ball,,https://www.youtube.com/watch?v=EtXFQCwStEg
dumbbell incline inner biceps curl,,https://www.youtube.com/watch?v=uCUaRFlA9vE
dumbbell incline one arm fly,,https://www.youtube.com/watch?v=kIpagzRxFPo
dumbbell incline one arm fly on exercise ball,,https://www.youtube.com/watch?v=rI9slcEASSs
dumbbell incline one arm hammer press,,https://www.youtube.com/watch?v=IP4oeKh1Sd4
dumbbell incline one arm hammer press on exercise ball,,https://www.youtube.com/watch?v=EtXFQCwStEg
dumbbell incline one arm lateral raise,,https://www.youtube.com/watch?v=BpXvPDu6vp8
dumbbell incline one arm press,,https://www.youtube.com/watch?v=8fXfwG4ftaQ
dumbbell incline one arm press on exercise ball,,https://www.youtube.com/watch?v=EtXFQCwStEg
dumbbell incline palm-in press,,https://www.youtube.com/watch?v=8fXfwG4ftaQ
dumbbell incline press on exercise ball,,https://www.youtube.com/watch?v=EtXFQCwStEg
dumbbell incline raise,,https://www.youtube.com/watch?v=5orOHJL2qS4
dumbbell incline rear lateral raise,,https://www.youtube.com/watch?v=LsT-bR_zxLo
dumbbell incline row,dumbbell-incline-row.jpg,https://www.youtube.com/watch?v=X3DjVaH3kpw
dumbbell incline shoulder raise,dumbbell-incline-shoulder-raise.jpg,https://www.youtube.com/watch?v=Kl3LEzQ5Zqs
dumbbell incline shrug,,https://www.youtube.com/watch?v=rFsSeClGnNA
dumbbell incline t-raise,,https://www.youtube.com/watch?v=MOjhlBqEheE
dumbbell incline triceps extension,,https://www.youtube.com/watch?v=WY66RDAoHmA
dumbbell incline twisted flyes,,https://www.youtube.com/watch?v=rk8YayRoTRQ
dumbbell incline two arm extension,,https://www.youtube.com/watch?v=wBsI-k9CdOg
dumbbell incline y-raise,,https://www.youtube.com/watch?v=BvxuWwQOj_E
dumbbell iron cross,,https://www.youtube.com/watch?v=RP6yDSs-6D0
dumbbell kickback,,https://www.youtube.com/watch?v=3Bv1n7-DN7c
dumbbell kickbacks on exercise ball,,https://www.youtube.com/watch?v=o4Ta54yBK-Q
dumbbell kneeling bicep curl exercise ball,,https://www.youtube.com/watch?v=AwRFNV-mdi0
dumbbell lateral raise,,https://www.youtube.com/watch?v=xyK8UiC-BUw
dumbbell lateral to front raise,,https://www.youtube.com/watch?v=h9xfpTrAvkE
dumbbell lunge,,https://www.youtube.com/watch?v=mJilHWIBWO8
dumbbell lunge with bicep curl,,https://www.youtube.com/watch?v=MSed7-312Jo
dumbbell lying extension (across face),,https://www.youtube.com/watch?v=sDP6Lcxy-VE
dumbbell lying alternate extension,,https://www.youtube.com/watch?v=Vs28nY2m-Mk
dumbbell lying elbow press,,https://www.youtube.com/watch?v=O1x7AoUf5Vs
dumbbell lying external shoulder rotation,,https://www.youtube.com/watch?v=dIpVOai4pBM
dumbbell lying femoral,,https://www.youtube.com/watch?v=nSsXfgnEOoY
dumbbell lying hammer press,,https://www.youtube.com/watch?v=alAeSdgai7o
dumbbell lying on floor rear delt raise,,https://www.youtube.com/watch?v=LsT-bR_zxLo
dumbbell lying one arm deltoid rear,,https://www.youtube.com/watch?v=LsT-bR_zxLo
dumbbell lying one arm press,,https://www.youtube.com/watch?v=NubSSALIqsU
dumbbell lying one arm press v. 2,,https://www.youtube.com/watch?v=9SMVVDnnpOs
dumbbell lying one arm pronated triceps extension,,https://www.youtube.com/watch?v=d1pIdeEySS0
dumbbell lying one arm rear lateral raise,dumbbell-lying-one-arm-rear-lateral-raise.jpg,https://www.youtube.com/watch?v=LsT-bR_zxLo
dumbbell lying one arm supinated triceps extension,,https://www.youtube.com/watch?v=muTfQlepBHI
dumbbell lying pronation,dumbbell-lying-pronation.jpg,https://www.youtube.com/watch?v=iB_Vw3xIJKM
dumbbell lying pronation on floor,,https://www.youtube.com/watch?v=iB_Vw3xIJKM
dumbbell lying pullover on exercise ball,,https://www.youtube.com/watch?v=dC0_Wgdd-Dg
dumbbell lying rear delt row,,https://www.youtube.com/watch?v=LsT-bR_zxLo
dumbbell lying rear lateral raise,dumbbell-lying-rear-lateral-raise.jpg,https://www.youtube.com/watch?v=FGuZ-Y5YQFU
dumbbell lying single extension,,https://www.youtube.com/watch?v=Vs28nY2m-Mk
dumbbell lying supination,dumbbell-lying-supination.jpg,https://www.youtube.com/watch?v=iB_Vw3xIJKM
dumbbell lying supination on floor,,https://www.youtube.com/watch?v=Moq6yFCg0vc
dumbbell lying supine biceps curl,,https://www.youtube.com/watch?v=okwUqL1kbEA
dumbbell lying supine curl,,https://www.youtube.com/watch?v=okwUqL1kbEA
dumbbell lying triceps extension,,https://www.youtube.com/watch?v=Mq9eoGIiCSU
dumbbell lying wide curl,,https://www.youtube.com/watch?v=fXFN8_1Bh6k
dumbbell neutral grip bench press,,https://www.youtube.com/watch?v=-KmqHE5950E
dumbbell one arm bench fly,,https://www.youtube.com/watch?v=7LnGW4ik3hU
dumbbell one arm bent-over row,,https://www.youtube.com/watch?v=i9BJwVCK5VQ
dumbbell one arm chest fly on exercise ball,,https://www.youtube.com/watch?v=rI9slcEASSs
dumbbell one arm concentration curl (on stability ball),,https://www.youtube.com/results?search_query=dumbbell%20one%20arm%20concentration%20curl%20%28on%20stability%20ball%29%20exercise%20workout%20tutorial
dumbbell one arm decline chest press,,https://www.youtube.com/watch?v=8fXfwG4ftaQ
dumbbell one arm fly on exercise ball,,https://www.youtube.com/watch?v=rI9slcEASSs
dumbbell one arm french press on exercise ball,,https://www.youtube.com/watch?v=Mj2q1lUNHQA
dumbbell one arm hammer preacher curl,,https://www.youtube.com/watch?v=Mg0NnlF5NZQ
dumbbell one arm hammer press on exercise ball,,https://www.youtube.com/watch?v=EtXFQCwStEg
dumbbell one arm incline chest press,,https://www.youtube.com/watch?v=8fXfwG4ftaQ
dumbbell one arm kickback,,https://www.youtube.com/watch?v=3Bv1n7-DN7c
dumbbell one arm lateral raise,,https://www.youtube.com/watch?v=HeovYNoZDRg
dumbbell one arm lateral raise with support,,https://www.youtube.com/watch?v=rgUAkKiffVI
dumbbell one arm press on exercise ball,,https://www.youtube.com/watch?v=EtXFQCwStEg
dumbbell one arm prone curl,,https://www.youtube.com/watch?v=Mg0NnlF5NZQ
dumbbell one arm prone hammer curl,,https://www.youtube.com/watch?v=26wMyQKQGyQ
dumbbell one arm pullover on exercise ball,,https://www.youtube.com/watch?v=RvomJpW61gk
dumbbell one arm reverse wrist curl,,https://www.youtube.com/watch?v=wSwo6mKHgZI
dumbbell one arm reverse fly (with support),,https://www.youtube.com/watch?v=LsT-bR_zxLo
dumbbell one arm reverse grip press,,https://www.youtube.com/watch?v=YSFXK6yOyEw
dumbbell one arm reverse preacher curl,,https://www.youtube.com/watch?v=Mg0NnlF5NZQ
dumbbell one arm reverse spider curl,,https://www.youtube.com/watch?v=ivS3G35bapw
dumbbell one arm seated bicep curl on exercise ball,,https://www.youtube.com/watch?v=8G42k8TnzsM
dumbbell one arm seated hammer curl,,https://www.youtube.com/watch?v=Z7gLnOCO89c
dumbbell one arm seated neutral wrist curl,,https://www.youtube.com/watch?v=wSwo6mKHgZI
dumbbell one arm shoulder press,dumbbell-one-arm-shoulder-press.jpg,https://www.youtube.com/watch?v=KLSYjgShghk
dumbbell one arm shoulder press v. 2,,https://www.youtube.com/watch?v=KLSYjgShghk
dumbbell one arm snatch,,https://www.youtube.com/watch?v=HHsOcHb_IFI
dumbbell one arm standing curl,,https://www.youtube.com/watch?v=iui51E31sX8
dumbbell one arm standing hammer curl,,https://www.youtube.com/watch?v=26wMyQKQGyQ
dumbbell one arm triceps extension (on bench),,https://www.youtube.com/watch?v=d1pIdeEySS0
dumbbell one arm upright row,dumbbell-one-arm-upright-row.jpg,https://www.youtube.com/watch?v=29-4QWdqd-g
dumbbell one arm wrist curl,,https://www.youtube.com/watch?v=wSwo6mKHgZI
dumbbell one arm zottman preacher curl,,https://www.youtube.com/watch?v=Mg0NnlF5NZQ
dumbbell one leg fly on exercise ball,,https://www.youtube.com/watch?v=_j1kgyF3vzU
dumbbell over bench neutral wrist curl,,https://www.youtube.com/watch?v=wSwo6mKHgZI
dumbbell over bench one arm neutral wrist curl,,https://www.youtube.com/watch?v=wSwo6mKHgZI
dumbbell over bench one arm reverse wrist curl,,https://www.youtube.com/watch?v=cRLJ86m00cU
dumbbell over bench one arm wrist curl,,https://www.youtube.com/watch?v=wSwo6mKHgZI
dumbbell over bench revers wrist curl,,https://www.youtube.com/watch?v=3DE5WDQOzNk
dumbbell over bench wrist curl,,https://www.youtube.com/watch?v=wSwo6mKHgZI
dumbbell palm rotational bent over row,,https://www.youtube.com/watch?v=fFmwY2dA2ds
dumbbell palms in incline bench press,,https://www.youtube.com/watch?v=IP4oeKh1Sd4
dumbbell peacher hammer curl,,https://www.youtube.com/watch?v=26wMyQKQGyQ
dumbbell plyo squat,,https://www.youtube.com/watch?v=bhi4yXKuVek
dumbbell preacher curl,,https://www.youtube.com/watch?v=Mg0NnlF5NZQ
dumbbell preacher curl over exercise ball,,https://www.youtube.com/watch?v=_-yQXMqQHZI
dumbbell press on exercise ball,,https://www.youtube.com/watch?v=EtXFQCwStEg
dumbbell pronate-grip triceps extension,,https://www.youtube.com/watch?v=L6ZFHlJ5DwY
dumbbell prone incline curl,dumbbell-prone-incline-curl.jpg,https://www.youtube.com/watch?v=fXFN8_1Bh6k
dumbbell prone incline hammer curl,,https://www.youtube.com/watch?v=8Af8ZxOsG2o
dumbbell pullover,,https://www.youtube.com/watch?v=Datv2L6t3-4
dumbbell pullover hip extension on exercise ball,,https://www.youtube.com/watch?v=2QNiLazY9vU
dumbbell pullover on exercise ball,,https://www.youtube.com/watch?v=dC0_Wgdd-Dg
dumbbell push press,,https://www.youtube.com/watch?v=mgsP4ep_RiA
dumbbell raise,dumbbell-raise.jpg,https://www.youtube.com/watch?v=Kl3LEzQ5Zqs
dumbbell rear delt raise,,https://www.youtube.com/watch?v=LsT-bR_zxLo
dumbbell rear delt row_shoulder,,https://www.youtube.com/watch?v=LsT-bR_zxLo
dumbbell rear fly,,https://www.youtube.com/watch?v=LsT-bR_zxLo
dumbbell rear lateral raise,,https://www.youtube.com/watch?v=LsT-bR_zxLo
dumbbell rear lateral raise (support head),,https://www.youtube.com/watch?v=LsT-bR_zxLo
dumbbell rear lunge,dumbbell-rear-lunge.jpg,https://www.youtube.com/watch?v=J9MpoAQCjos
dumbbell revers grip biceps curl,,https://www.youtube.com/watch?v=1Nvg_vHUJPY
dumbbell reverse bench press,,https://www.youtube.com/watch?v=YSFXK6yOyEw
dumbbell reverse fly,,https://www.youtube.com/watch?v=LsT-bR_zxLo
dumbbell reverse grip incline bench one arm row,,https://www.youtube.com/watch?v=uTKJk5KVgZo
dumbbell reverse grip incline bench two arm row,,https://www.youtube.com/watch?v=uTKJk5KVgZo
dumbbell reverse grip row (female),,https://www.youtube.com/watch?v=UrRKVHSvAUY
dumbbell reverse preacher curl,,https://www.youtube.com/watch?v=Dd1wdWUqIGo
dumbbell reverse spider curl,,https://www.youtube.com/watch?v=6wud-XAX-Cs
dumbbell reverse wrist curl,,https://www.youtube.com/watch?v=cRLJ86m00cU
dumbbell romanian deadlift,,https://www.youtube.com/watch?v=hu3jRvTc_po
dumbbell rotation reverse fly,,https://www.youtube.com/watch?v=LsT-bR_zxLo
dumbbell scott press,,https://www.youtube.com/watch?v=0KjlTz6MbKQ
dumbbell seated alternate front raise,,https://www.youtube.com/watch?v=525V60o7M_g
dumbbell seated alternate hammer curl on exercise ball,,https://www.youtube.com/watch?v=cR2yNeMt1Xo
dumbbell seated alternate press,,https://www.youtube.com/watch?v=E9ShwbwZ1zw
dumbbell seated alternate shoulder,,https://www.youtube.com/watch?v=E9ShwbwZ1zw
dumbbell seated bench extension,,https://www.youtube.com/watch?v=b_r_LW4HEcM
dumbbell seated bent arm lateral raise,,https://www.youtube.com/watch?v=mZPAMPIBNzo
dumbbell seated bent over alternate kickback,,https://www.youtube.com/results?search_query=dumbbell%20seated%20bent%20over%20alternate%20kickback%20exercise%20workout%20tutorial
dumbbell seated bent over triceps extension,,https://www.youtube.com/watch?v=fYqswDVbJDg
dumbbell seated bicep curl,,https://www.youtube.com/watch?v=FwApweWh6SY
dumbbell seated biceps curl (on stability ball),,https://www.youtube.com/watch?v=T-G7N6wTt9Y
dumbbell seated biceps curl to shoulder press,,https://www.youtube.com/watch?v=wNzXgyODt7g
dumbbell seated calf raise,,https://www.youtube.com/watch?v=ar8nav0jGoE
dumbbell seated curl,,https://www.youtube.com/watch?v=FwApweWh6SY
dumbbell seated front raise,,https://www.youtube.com/watch?v=525V60o7M_g
dumbbell seated hammer curl,,https://www.youtube.com/watch?v=Z7gLnOCO89c
dumbbell seated inner biceps curl,,https://www.youtube.com/watch?v=FwApweWh6SY
dumbbell seated kickback,,https://www.youtube.com/watch?v=AMUBBkuqcL8
dumbbell seated lateral raise,,https://www.youtube.com/watch?v=P_k_h5AIJXw
dumbbell seated lateral raise v. 2,,https://www.youtube.com/watch?v=P_k_h5AIJXw
dumbbell seated neutral wrist curl,,https://www.youtube.com/watch?v=y-x14sVi12o
dumbbell seated one arm bicep curl on exercise ball with leg raised,,https://www.youtube.com/watch?v=iui51E31sX8
dumbbell seated one arm kickback,,https://www.youtube.com/watch?v=ZGjHc9NnJ-4
dumbbell seated one arm rotate,,https://www.youtube.com/watch?v=i9BJwVCK5VQ
dumbbell seated one leg calf raise,dumbbell-seated-one-leg-calf-raise.jpg,https://www.youtube.com/watch?v=ar8nav0jGoE
dumbbell seated one leg calf raise - hammer grip,,https://www.youtube.com/watch?v=ar8nav0jGoE
dumbbell seated one leg calf raise - palm up,,https://www.youtube.com/watch?v=crM3pHqjxSg
dumbbell seated palms up wrist curl,,https://www.youtube.com/watch?v=osAQPUy0rjw
dumbbell seated preacher curl,,https://www.youtube.com/watch?v=v4xsTt8eMzU
dumbbell seated revers grip concentration curl,,https://www.youtube.com/watch?v=I_bKCYL2nL8
dumbbell seated reverse grip one arm overhead tricep extension,,https://www.youtube.com/watch?v=_w3ggqafzqU
dumbbell seated shoulder press,,https://www.youtube.com/watch?v=rO_iEImwHyo
dumbbell seated shoulder press (parallel grip),,https://www.youtube.com/watch?v=k6tzKisR3NY
dumbbell seated triceps extension,,https://www.youtube.com/watch?v=b_r_LW4HEcM
dumbbell shrug,dumbbell-shrug.jpg,https://www.youtube.com/watch?v=cXLfOWLESwM
dumbbell side bend,dumbbell-side-bend.jpg,https://www.youtube.com/watch?v=44DazvtgpGE
dumbbell side lying one hand raise,,https://www.youtube.com/watch?v=eaM8JxEn6Ig
dumbbell side plank with rear fly,,https://www.youtube.com/watch?v=roH0Kk3Z0DY
dumbbell single arm overhead carry,,https://www.youtube.com/watch?v=5X823MU2ZzQ
dumbbell single leg calf raise,,https://www.youtube.com/watch?v=E1mG5L9rpFc
dumbbell single leg deadlift,,https://www.youtube.com/watch?v=R_fJ6H3FlVw
dumbbell single leg deadlift with stepbox support,,https://www.youtube.com/watch?v=TTAd-t6NnFc
dumbbell single leg split squat,,https://www.youtube.com/watch?v=sw4MzpC8l58
dumbbell single leg squat,,https://www.youtube.com/watch?v=Lge8knkaVcg
dumbbell squat,dumbbell-squat.jpg,https://www.youtube.com/watch?v=OTyb4YUDYYY
dumbbell standing alternate hammer curl and press,,https://www.youtube.com/watch?v=VqoFbCmRyyk
dumbbell standing alternate overhead press,,https://www.youtube.com/watch?v=wO0l5jW2NtQ
dumbbell standing alternate raise,,https://www.youtube.com/watch?v=yHx8wPv4RPo
dumbbell standing alternating tricep kickback,,https://www.youtube.com/watch?v=3Bv1n7-DN7c
dumbbell standing around world,,https://www.youtube.com/watch?v=IDSv0v-9Zms
dumbbell standing bent over one arm triceps extension,,https://www.youtube.com/watch?v=6jBcdzb-HaI
dumbbell standing bent over two arm triceps extension,,https://www.youtube.com/watch?v=rqefaPkIPqc
dumbbell standing biceps curl,,https://www.youtube.com/watch?v=iui51E31sX8
dumbbell standing calf raise,,https://www.youtube.com/watch?v=ADITZCcUyVo
dumbbell standing concentration curl,,https://www.youtube.com/watch?v=gd5Q7hNu7KM
dumbbell standing front raise above head,,https://www.youtube.com/watch?v=yHx8wPv4RPo
dumbbell standing inner biceps curl v. 2,,https://www.youtube.com/watch?v=iui51E31sX8
dumbbell standing kickback,,https://www.youtube.com/watch?v=WhbIU3wjIHo
dumbbell standing one arm concentration curl,,https://www.youtube.com/watch?v=I_bKCYL2nL8
dumbbell standing one arm curl (over incline bench),,https://www.youtube.com/watch?v=Mg0NnlF5NZQ
dumbbell standing one arm curl over incline bench,,https://www.youtube.com/watch?v=Mg0NnlF5NZQ
dumbbell standing one arm extension,,https://www.youtube.com/watch?v=_w3ggqafzqU
dumbbell standing one arm palm in press,,https://www.youtube.com/watch?v=KLSYjgShghk
dumbbell standing one arm reverse curl,,https://www.youtube.com/watch?v=1Nvg_vHUJPY
dumbbell standing overhead press,,https://www.youtube.com/watch?v=cw4pTDmf4J0
dumbbell standing palms in press,,https://www.youtube.com/watch?v=69z2KymlEvQ
dumbbell standing preacher curl,,https://www.youtube.com/watch?v=RXBVS9_xfcI
dumbbell standing reverse curl,,https://www.youtube.com/watch?v=1Nvg_vHUJPY
dumbbell standing triceps extension,,https://www.youtube.com/watch?v=AYqg9S5FrUU
dumbbell standing zottman preacher curl,,https://www.youtube.com/watch?v=5Go_uOTnFl0
dumbbell step up single leg balance with bicep curl,,https://www.youtube.com/watch?v=vxFIwr3UQyM
dumbbell step-up,,https://www.youtube.com/watch?v=1i39dKKPzsU
dumbbell step-up lunge,,https://www.youtube.com/watch?v=8q9LVgN2RD4
dumbbell step-up split squat,,https://www.youtube.com/watch?v=8q9LVgN2RD4
dumbbell stiff leg deadlift,,https://www.youtube.com/watch?v=Wou9zVQrAfs
dumbbell straight arm pullover,,https://www.youtube.com/watch?v=Datv2L6t3-4
dumbbell straight leg deadlift,,https://www.youtube.com/watch?v=R6KXyhU4nTY
dumbbell sumo pull through,,https://www.youtube.com/watch?v=f-RQq1fCX34
dumbbell supported squat,,https://www.youtube.com/watch?v=Vi7Gu2egi90
dumbbell tate press,,https://www.youtube.com/watch?v=9Lpwk3nLve8
dumbbell tricep kickback with stork stance,,https://www.youtube.com/watch?v=3Bv1n7-DN7c
dumbbell twisting bench press,,https://www.youtube.com/watch?v=mTaiQemkEpU
dumbbell upright row,,https://www.youtube.com/watch?v=29-4QWdqd-g
dumbbell upright row (back pov),,https://www.youtube.com/watch?v=29-4QWdqd-g
dumbbell upright shoulder external rotation,,https://www.youtube.com/watch?v=Nhq49UJefwI
dumbbell waiter biceps curl,,https://www.youtube.com/watch?v=iP7li-35nzg
dumbbell w-press,,https://www.youtube.com/watch?v=cw4pTDmf4J0
dumbbell zottman curl,,https://www.youtube.com/watch?v=D7bMA4WEKMI
dumbbell zottman preacher curl,,https://www.youtube.com/watch?v=5Go_uOTnFl0
dumbbells seated triceps extension,,https://www.youtube.com/watch?v=AYqg9S5FrUU
dynamic chest stretch (male),,https://www.youtube.com/watch?v=sgI-QgUQiak
elbow dips,,https://www.youtube.com/watch?v=z7TGLx1wYrU
elbow lift - reverse push-up,,https://www.youtube.com/watch?v=sbrB5PAKSvo
elbow-to-knee,elbow-to-knee.jpg,https://www.youtube.com/watch?v=v4CVrkRNhvs
elevator,,https://www.youtube.com/watch?v=hb19jDMl2uc
exercise ball alternating arm ups,,https://www.youtube.com/watch?v=klUjM1-yA9I
exercise ball back extension with arms extended,,https://www.youtube.com/watch?v=-VGatJfoRmA
exercise ball back extension with hands behind head,,https://www.youtube.com/watch?v=2fzSz0RGsQ4
exercise ball back extension with knees off ground,,https://www.youtube.com/watch?v=2fzSz0RGsQ4
exercise ball back extension with rotation,,https://www.youtube.com/watch?v=-VGatJfoRmA
exercise ball dip,,https://www.youtube.com/watch?v=lnQSXe10qFQ
exercise ball hip flexor stretch,,https://www.youtube.com/watch?v=7lGIfjasuNo
exercise ball hug,,https://www.youtube.com/watch?v=-owAZKQUWKg
exercise ball lat stretch,,https://www.youtube.com/watch?v=AxhnAJpVqu8
exercise ball lower back stretch (pyramid),,https://www.youtube.com/watch?v=dn7dGVaT0AA
exercise ball lying side lat stretch,,https://www.youtube.com/watch?v=LsMzSJ59ogU
exercise ball on the wall calf raise,,https://www.youtube.com/watch?v=g6ipirkuLEA
exercise ball on the wall calf raise (tennis ball between ankles),,https://www.youtube.com/watch?v=g6ipirkuLEA
exercise ball on the wall calf raise (tennis ball between knees),,https://www.youtube.com/watch?v=g6ipirkuLEA
exercise ball one leg prone lower body rotation,,https://www.youtube.com/watch?v=fCb6a1i9YDQ
exercise ball one legged diagonal kick hamstring curl,,https://www.youtube.com/watch?v=xB1lGVzRwWk
exercise ball pike push up,,https://www.youtube.com/watch?v=eG20L9cl81w
exercise ball prone leg raise,,https://www.youtube.com/watch?v=mBrM8QcrGDU
exercise ball seated hamstring stretch,,https://www.youtube.com/watch?v=9lbg5z2354U
exercise ball seated triceps stretch,,https://www.youtube.com/watch?v=-WFQhIRimnw
exercise ball supine triceps extension,,https://www.youtube.com/watch?v=9yfr1Mcni6w
ez bar french press on exercise ball,,https://www.youtube.com/watch?v=wfFuClSLcME
ez bar lying bent arms pullover,,https://www.youtube.com/watch?v=6HPEDab_aAo
ez bar lying close grip triceps extension behind head,,https://www.youtube.com/watch?v=Ma_SNy-WjwU
ez bar reverse grip bent over row,,https://www.youtube.com/watch?v=FWJR5Ve8bnQ
ez bar seated close grip concentration curl,,https://www.youtube.com/watch?v=EjUnEEfTSEY
ez bar standing french press,,https://www.youtube.com/watch?v=5IscnabWzKg
ez barbell anti gravity press,,https://www.youtube.com/watch?v=h8Z1HWCau6M
ez barbell close grip preacher curl,,https://www.youtube.com/watch?v=dXZl_9Ko6HI
ez barbell close-grip curl,,https://www.youtube.com/watch?v=JhDDKwag2vE
ez barbell curl,,https://www.youtube.com/watch?v=d2r5TCqnR4Y
ez barbell decline close grip face press,,https://www.youtube.com/watch?v=4yKLxOsrGfg
ez barbell decline triceps extension,,https://www.youtube.com/watch?v=K3mFeNz4e3w
ez barbell incline triceps extension,,https://www.youtube.com/watch?v=K3mFeNz4e3w
ez barbell jm bench press,,https://www.youtube.com/watch?v=ljBtCPdGTHM
ez barbell reverse grip curl,,https://www.youtube.com/watch?v=ypfd1kaI1AU
ez barbell reverse grip preacher curl,,https://www.youtube.com/watch?v=dXZl_9Ko6HI
ez barbell seated curls,,https://www.youtube.com/watch?v=dXZl_9Ko6HI
ez barbell seated triceps extension,,https://www.youtube.com/watch?v=5IscnabWzKg
ez barbell spider curl,,https://www.youtube.com/watch?v=ivS3G35bapw
ez barbell spider curl,,https://www.youtube.com/watch?v=LxKzfMfbUC8
ez-bar biceps curl (with arm blaster),,https://www.youtube.com/results?search_query=ez-bar%20biceps%20curl%20%28with%20arm%20blaster%29%20exercise%20workout%20tutorial
ez-bar close-grip bench press,,https://www.youtube.com/watch?v=ljBtCPdGTHM
ez-barbell standing wide grip biceps curl,,https://www.youtube.com/watch?v=KFinlAT6aEo
farmers walk,farmers-walk.jpg,https://www.youtube.com/watch?v=1uOs1hP3u4A
finger curls,finger-curls.jpg,https://www.youtube.com/watch?v=gnDRXH2J5Yc
flag,,https://www.youtube.com/watch?v=tO2A_yfrTdU
flexion leg sit up (bent knee),,https://www.youtube.com/watch?v=p3BVZhbv3nE
flexion leg sit up (straight arm),,https://www.youtube.com/watch?v=z0GiuqW9t5U
floor fly (with barbell),,https://www.youtube.com/watch?v=T2gXB8DvTvY
flutter kicks,flutter-kicks.jpg,https://www.youtube.com/watch?v=tPmybsDX8ZY
forward jump,,https://www.youtube.com/watch?v=C6rlccRKLbw
forward lunge (male),,https://www.youtube.com/watch?v=BYe4uyGF-h4
frankenstein squat,frankenstein-squat.jpg,https://www.youtube.com/watch?v=-eu2Bz94HvQ
frog crunch,,https://www.youtube.com/watch?v=vCuQekwZN4w
frog planche,,https://www.youtube.com/watch?v=fYUJgit2z0U
front lever,,https://www.youtube.com/watch?v=PO7xNGBo0W8
front lever reps,,https://www.youtube.com/watch?v=PO7xNGBo0W8
front plank with twist,,https://www.youtube.com/watch?v=fZ9PoqS-Yi0
full maltese,,https://www.youtube.com/watch?v=kHkcBLvQZeE
full planche,,https://www.youtube.com/watch?v=CoY8bRoiEyw
full planche push-up,,https://www.youtube.com/watch?v=txiZJd2R2F8
gironda sternum chin,,https://www.youtube.com/watch?v=P_2GlOWWpq4
glute bridge march,,https://www.youtube.com/watch?v=YxwXmbxly6s
glute bridge two legs on bench (male),,https://www.youtube.com/watch?v=LORVjN2bg5o
glute-ham raise,glute-ham-raise.jpg,https://www.youtube.com/watch?v=blX1If7ScxY
gorilla chin,,https://www.youtube.com/watch?v=3cwdmSCXsRo
groin crunch,,https://www.youtube.com/watch?v=nk8Tqv_535A
hack calf raise,,https://www.youtube.com/watch?v=PJGXyldAWk4
hack one leg calf raise,,https://www.youtube.com/watch?v=PJGXyldAWk4
half knee bends (male),,https://www.youtube.com/watch?v=rvpR_odR--0
half sit-up (male),,https://www.youtube.com/watch?v=yJD79O0on1s
hamstring stretch,hamstring-stretch.jpg,https://www.youtube.com/watch?v=YIJndOqIcLU
hands bike,,https://www.youtube.com/watch?v=dieOsJlsvpM
hands clasped circular toe touch (male),,https://www.youtube.com/watch?v=cCqsj40-_7A
hands reversed clasped circular toe touch (male),,https://www.youtube.com/watch?v=a0355JEIiyc
handstand,,https://www.youtube.com/watch?v=aXDxa79u0xQ
handstand push-up,,https://www.youtube.com/watch?v=oTy2ORF_NC4
hanging leg hip raise,,https://www.youtube.com/watch?v=Z9ryXTU4FBQ
hanging leg raise,hanging-leg-raise.jpg,https://www.youtube.com/watch?v=2n4UqRIJyk4
hanging oblique knee raise,,https://www.youtube.com/watch?v=UBL5xMB4Pa4
hanging pike,hanging-pike.jpg,https://www.youtube.com/watch?v=BFNzWUcNvVs
hanging straight leg hip raise,,https://www.youtube.com/watch?v=BFNzWUcNvVs
hanging straight leg raise,,https://www.youtube.com/watch?v=BFNzWUcNvVs
hanging straight twisting leg hip raise,,https://www.youtube.com/watch?v=BFNzWUcNvVs
high knee against wall,,https://www.youtube.com/watch?v=QSJGUKJe9r8
hip raise (bent knee),,https://www.youtube.com/watch?v=lMhAj27-n3w
hug keens to chest,,https://www.youtube.com/watch?v=iAaLLSALFMg
hyght dumbbell fly,,https://www.youtube.com/watch?v=rk8YayRoTRQ
hyperextension,,https://www.youtube.com/watch?v=8rXdAAwm8Rs
hyperextension (on bench),,https://www.youtube.com/watch?v=8rXdAAwm8Rs
impossible dips,,https://www.youtube.com/watch?v=MrfroUwAwNQ
inchworm,inchworm.jpg,https://www.youtube.com/watch?v=7jeW4v_oaes
inchworm v. 2,,https://www.youtube.com/watch?v=7jeW4v_oaes
incline close-grip push-up,,https://www.youtube.com/watch?v=NEdo_I3OuVk
incline leg hip raise (leg straight),,https://www.youtube.com/watch?v=iV2hn6hZ5kM
incline push up depth jump,incline-push-up-depth-jump.jpg,https://www.youtube.com/watch?v=SOu-3_YyX2c
incline push-up,incline-push-up.jpg,https://www.youtube.com/watch?v=NEdo_I3OuVk
incline push-up (on box),,https://www.youtube.com/watch?v=NEdo_I3OuVk
incline reverse grip push-up,,https://www.youtube.com/watch?v=NEdo_I3OuVk
incline scapula push up,,https://www.youtube.com/watch?v=3TsOKiUDzw0
incline twisting sit-up,,https://www.youtube.com/watch?v=Yj3J4AtCMAI
intermediate hip flexor and quad stretch,intermediate-hip-flexor-and-quad-stretch.jpg,https://www.youtube.com/watch?v=-BdqNu83nMQ
inverse leg curl (bench support),,https://www.youtube.com/watch?v=lGNeJsdqJwg
inverse leg curl (on pull-up cable machine),,https://www.youtube.com/watch?v=UrKEKDJT8vI
inverted row,inverted-row.jpg,https://www.youtube.com/watch?v=AhUSbudCWro
inverted row bent knees,,https://www.youtube.com/watch?v=GAYwmgve_94
inverted row on bench,,https://www.youtube.com/watch?v=vZy_Eu_Z0WA
inverted row v. 2,,https://www.youtube.com/watch?v=vZy_Eu_Z0WA
inverted row with straps,inverted-row-with-straps.jpg,https://www.youtube.com/watch?v=2Zsso20AyD8
iron cross stretch,,https://www.youtube.com/watch?v=0qITFFJcqrQ
isometric chest squeeze,,https://www.youtube.com/watch?v=nHLI2INhwmY
isometric wipers,isometric-wipers.jpg,https://www.youtube.com/watch?v=CZS3m8zBVSA
jack burpee,,https://www.youtube.com/watch?v=zDqi7OjlQdc
jack jump (male),,https://www.youtube.com/watch?v=bT2iY8IjEU0
jackknife sit-up,jackknife-sit-up.jpg,https://www.youtube.com/watch?v=DB0aEkc52WE
janda sit-up,janda-sit-up.jpg,https://www.youtube.com/watch?v=DkaLZzzkKYc
jump rope,,https://www.youtube.com/watch?v=Nssl3QZL6L8
jump squat,,https://www.youtube.com/watch?v=36vnWAkL7ZQ
jump squat v. 2,,https://www.youtube.com/watch?v=36vnWAkL7ZQ
kettlebell advanced windmill,,https://www.youtube.com/watch?v=ujf4VuiOwsQ
kettlebell alternating hang clean,,https://www.youtube.com/watch?v=VQsYa-wX3hU
kettlebell alternating press,,https://www.youtube.com/watch?v=8P5SJhHna70
kettlebell alternating press on floor,,https://www.youtube.com/watch?v=B340QckIfJM
kettlebell alternating renegade row,,https://www.youtube.com/watch?v=YUMXGLL2IKE
kettlebell alternating row,,https://www.youtube.com/watch?v=UB3Xa-PeWPQ
kettlebell arnold press,kettlebell-arnold-press.jpg,https://www.youtube.com/watch?v=IKpCLwaeU6M
kettlebell bent press,,https://www.youtube.com/watch?v=sE5XqIwj5Rc
kettlebell bottoms up clean from the hang position,,https://www.youtube.com/watch?v=6NIPWgRiwd4
kettlebell double alternating hang clean,,https://www.youtube.com/watch?v=VQsYa-wX3hU
kettlebell double jerk,,https://www.youtube.com/watch?v=8qcv0cpI7jI
kettlebell double push press,,https://www.youtube.com/watch?v=HcqWMKxkvyA
kettlebell double snatch,,https://www.youtube.com/watch?v=uUlvXh7XUQ4
kettlebell double windmill,,https://www.youtube.com/watch?v=EZWHnzAjctU
kettlebell extended range one arm press on floor,,https://www.youtube.com/watch?v=B340QckIfJM
kettlebell figure 8,kettlebell-figure-8.jpg,https://www.youtube.com/watch?v=GYklqHZdkYM
kettlebell front squat,,https://www.youtube.com/watch?v=e7y8jEUbQiQ
kettlebell goblet squat,,https://www.youtube.com/watch?v=dBnNCOtuGNQ
kettlebell hang clean,kettlebell-hang-clean.jpg,https://www.youtube.com/watch?v=5lSuYCma88w
kettlebell lunge pass through,,https://www.youtube.com/watch?v=xZTCSRSZ9bA
kettlebell one arm clean and jerk,,https://www.youtube.com/watch?v=h4KafmF7Xwc
kettlebell one arm floor press,,https://www.youtube.com/watch?v=B340QckIfJM
kettlebell one arm jerk,,https://www.youtube.com/watch?v=sa1FuS1cs34
kettlebell one arm military press to the side,,https://www.youtube.com/watch?v=uzPQm5zgPXo
kettlebell one arm push press,,https://www.youtube.com/watch?v=XWjfxqe5KPU
kettlebell one arm row,,https://www.youtube.com/watch?v=PzvvvZmNdq0
kettlebell one arm snatch,,https://www.youtube.com/results?search_query=kettlebell%20one%20arm%20snatch%20exercise%20workout%20tutorial
kettlebell pirate supper legs,,https://www.youtube.com/watch?v=w7h1AVbHyGI
kettlebell pistol squat,kettlebell-pistol-squat.jpg,https://www.youtube.com/watch?v=jjoxNmFfl3Y
kettlebell plyo push-up,,https://www.youtube.com/watch?v=efZqnVlcnkk
kettlebell seated press,kettlebell-seated-press.jpg,https://www.youtube.com/watch?v=Lx9afObvORE
kettlebell seated two arm military press,,https://www.youtube.com/watch?v=8crDc87gYMY
kettlebell seesaw press,kettlebell-seesaw-press.jpg,https://www.youtube.com/watch?v=LHXNZchoSAw
kettlebell sumo high pull,kettlebell-sumo-high-pull.jpg,https://www.youtube.com/watch?v=JYwkgnohFyQ
kettlebell swing,,https://www.youtube.com/watch?v=aSYap2yhW8s
kettlebell thruster,kettlebell-thruster.jpg,https://www.youtube.com/watch?v=Id0Qefh4AHc
kettlebell turkish get up (squat style),kettlebell-turkish-get-up-squat-style.jpg,https://www.youtube.com/watch?v=jgKFttG0Z7I
kettlebell two arm clean,,https://www.youtube.com/watch?v=VrL0p5mp8Jk
kettlebell two arm military press,,https://www.youtube.com/watch?v=mLzxYnQ6qrY
kettlebell two arm row,,https://www.youtube.com/watch?v=JEC5QU-_t1Q
kettlebell windmill,kettlebell-windmill.jpg,https://www.youtube.com/watch?v=EZWHnzAjctU
kick out sit,,https://www.youtube.com/watch?v=O8u4MlqnRQQ
kipping muscle up,kipping-muscle-up.jpg,https://www.youtube.com/watch?v=EWf74MTXzP4
knee touch crunch,,https://www.youtube.com/watch?v=QCd3BA_PflM
kneeling jump squat,kneeling-jump-squat.jpg,https://www.youtube.com/watch?v=XveVp8NqCZ0
kneeling lat stretch,,https://www.youtube.com/watch?v=zrHlEAmXWLM
kneeling plank tap shoulder (male),,https://www.youtube.com/watch?v=9_IVZekYrgo
kneeling push-up (male),,https://www.youtube.com/watch?v=rrVwNeIpy-k
korean dips,,https://www.youtube.com/watch?v=sgyGNsc9wps
l-pull-up,,https://www.youtube.com/watch?v=omEctqObHhk
l-sit on floor,,https://www.youtube.com/watch?v=G9Yg1UXW0l0
landmine 180,,https://www.youtube.com/watch?v=AEhQK1bqlME
landmine lateral raise,,https://www.youtube.com/watch?v=vY6qbDL_Crk
lean planche,,https://www.youtube.com/watch?v=3MzSVM-yEI0
left hook. boxing,,https://www.youtube.com/watch?v=h1iYn7NVFfw
leg pull in flat bench,,https://www.youtube.com/watch?v=df28vuIsH_0
leg up hamstring stretch,leg-up-hamstring-stretch.jpg,https://www.youtube.com/watch?v=70X6nujeHiM
lever alternate leg press,,https://www.youtube.com/watch?v=EotSw18oR9w
lever alternating narrow grip seated row,,https://www.youtube.com/watch?v=vqPY3fDessY
lever assisted chin-up,,https://www.youtube.com/watch?v=CdO5BvP6Ti8
lever back extension,,https://www.youtube.com/watch?v=8rXdAAwm8Rs
lever bent over row,,https://www.youtube.com/watch?v=nsc7dxHOxz8
lever bent-over row with v-bar,,https://www.youtube.com/watch?v=MXfyuB6DjWE
lever bicep curl,,https://www.youtube.com/watch?v=AR-oARBkYxI
lever calf press,,https://www.youtube.com/watch?v=-pktcXXJo7A
lever chest press,,https://www.youtube.com/watch?v=YXjhMV7uz4c
lever chest press,,https://www.youtube.com/watch?v=YXjhMV7uz4c
lever deadlift,,https://www.youtube.com/watch?v=8np3vKDBJfc
lever decline chest press,,https://www.youtube.com/watch?v=MBJBG_D2tpg
lever donkey calf raise,,https://www.youtube.com/watch?v=8ddEGLIhcPQ
lever front pulldown,,https://www.youtube.com/watch?v=bNmvKpJSWKM
lever gripless shrug,,https://www.youtube.com/watch?v=Ro7f7ULqi8U
lever gripless shrug v. 2,,https://www.youtube.com/watch?v=Ro7f7ULqi8U
lever gripper hands,,https://www.youtube.com/watch?v=FwOq7CjVWB8
lever hammer grip preacher curl,,https://www.youtube.com/watch?v=Cn_S3OKOWBc
lever high row,,https://www.youtube.com/watch?v=zit_EFtojoE
lever hip extension v. 2,,https://www.youtube.com/watch?v=d-fGEe3oHxk
lever horizontal one leg press,,https://www.youtube.com/watch?v=LbKwZIbVYZI
lever incline chest press,,https://www.youtube.com/watch?v=i3e4CG5tnfs
lever incline chest press v. 2,,https://www.youtube.com/watch?v=i3e4CG5tnfs
lever kneeling leg curl,,https://www.youtube.com/watch?v=Ky0f47H0zGs
lever kneeling twist,,https://www.youtube.com/watch?v=ZHLf30P4PHw
lever lateral raise,,https://www.youtube.com/watch?v=Kl3LEzQ5Zqs
lever leg extension,,https://www.youtube.com/watch?v=iQ92TuvBqRo
lever lying leg curl,,https://www.youtube.com/watch?v=lGNeJsdqJwg
lever lying two-one leg curl,,https://www.youtube.com/watch?v=FRy58-v0YII
lever military press,,https://www.youtube.com/watch?v=3RdVYQ8l_V8
lever narrow grip seated row,,https://www.youtube.com/watch?v=qD1WZ5pSuvk
lever one arm bent over row,,https://www.youtube.com/watch?v=gfUg6qWohTk
lever one arm lateral high row,,https://www.youtube.com/watch?v=zit_EFtojoE
lever one arm lateral wide pulldown,,https://www.youtube.com/watch?v=0VDkEX5RBC8
lever one arm shoulder press,,https://www.youtube.com/watch?v=KLSYjgShghk
lever overhand triceps dip,,https://www.youtube.com/watch?v=4ua3MzaU0QU
lever preacher curl,,https://www.youtube.com/watch?v=7ixqAPO6JvU
lever preacher curl v. 2,,https://www.youtube.com/watch?v=Cn_S3OKOWBc
lever pullover,,https://www.youtube.com/watch?v=QA8rwwiQiW0
lever reverse grip lateral pulldown,,https://www.youtube.com/watch?v=bcVzEYmu7YA
lever reverse grip preacher curl,,https://www.youtube.com/watch?v=Cn_S3OKOWBc
lever reverse grip vertical row,,https://www.youtube.com/watch?v=FVyVvApcyZY
lever reverse hyperextension,,https://www.youtube.com/watch?v=XrUwdAm95us
lever reverse t-bar row,,https://www.youtube.com/watch?v=Sr2q7i-i8X0
lever rotary calf,,https://www.youtube.com/watch?v=EEPzcdim5gE
lever seated calf press,,https://www.youtube.com/watch?v=qAQexys5Bv4
lever seated calf raise,,https://www.youtube.com/watch?v=ar8nav0jGoE
lever seated crunch,,https://www.youtube.com/watch?v=ZyE4r7wiI6w
lever seated crunch (chest pad),,https://www.youtube.com/watch?v=pc8w5oaB5YI
lever seated crunch v. 2,,https://www.youtube.com/watch?v=tEOxbcUyL_w
lever seated dip,,https://www.youtube.com/watch?v=8CvOC9Db3Yw
lever seated fly,,https://www.youtube.com/watch?v=a9vQ_hwIksU
lever seated good morning,,https://www.youtube.com/watch?v=n2lG9vSRXg0
lever seated hip abduction,,https://www.youtube.com/watch?v=tn-ABeb1QAM
lever seated hip adduction,,https://www.youtube.com/watch?v=BmMmt-c9aNM
lever seated leg curl,,https://www.youtube.com/watch?v=xdbEG3xGLI8
lever seated leg raise crunch,,https://www.youtube.com/watch?v=ZyE4r7wiI6w
lever seated reverse fly,,https://www.youtube.com/watch?v=7tgx6QHB0-A
lever seated reverse fly (parallel grip),,https://www.youtube.com/watch?v=4e7gZjM03s4
lever seated row,,https://www.youtube.com/watch?v=qD1WZ5pSuvk
lever seated squat calf raise on leg press machine,,https://www.youtube.com/watch?v=1cvpm--Y-4I
lever shoulder press,,https://www.youtube.com/watch?v=6v4nrRVySj0
lever shoulder press v. 2,,https://www.youtube.com/watch?v=6v4nrRVySj0
lever shoulder press v. 3,,https://www.youtube.com/watch?v=6v4nrRVySj0
lever shrug,,https://www.youtube.com/watch?v=rFsSeClGnNA
lever standing calf raise,,https://www.youtube.com/watch?v=95itLfMBG40
lever standing chest press,,https://www.youtube.com/watch?v=YXjhMV7uz4c
lever t bar row,,https://www.youtube.com/watch?v=Sr2q7i-i8X0
lever t-bar reverse grip row,,https://www.youtube.com/watch?v=Sr2q7i-i8X0
lever triceps extension,,https://www.youtube.com/watch?v=K3mFeNz4e3w
lever unilateral row,,https://www.youtube.com/watch?v=9TWiV80cUYs
london bridge,,https://www.youtube.com/watch?v=V7qHNZLnsdg
low glute bridge on floor,,https://www.youtube.com/watch?v=iHBZiO5rDQ8
lower back curl,lower-back-curl.jpg,https://www.youtube.com/watch?v=JRjWhzxe8ks
lunge with jump,,https://www.youtube.com/watch?v=acLvV5Gwi7o
lunge with twist,,https://www.youtube.com/watch?v=peb887Bc0-Q
lying (side) quads stretch,,https://www.youtube.com/watch?v=ZgbtIZ9uEiE
lying elbow to knee,,https://www.youtube.com/watch?v=v4CVrkRNhvs
lying leg raise flat bench,,https://www.youtube.com/watch?v=KCt2qWYPrMc
lying leg-hip raise,,https://www.youtube.com/watch?v=6cKTtcWxvQo
machine inner chest press,,https://www.youtube.com/watch?v=YXjhMV7uz4c
march sit (wall),,https://www.youtube.com/watch?v=mDdLC-yKudY
medicine ball catch and overhead throw,,https://www.youtube.com/watch?v=jh20darjLiU
medicine ball chest pass,medicine-ball-chest-pass.jpg,https://www.youtube.com/watch?v=kFk3LPS76pU
medicine ball chest push from 3 point stance,,https://www.youtube.com/watch?v=GtpCF3n_3Qw
medicine ball chest push multiple response,,https://www.youtube.com/watch?v=LS75csmzdAE
medicine ball chest push single response,,https://www.youtube.com/watch?v=Lqdka8XUG50
medicine ball chest push with run release,,https://www.youtube.com/watch?v=LS75csmzdAE
medicine ball close grip push up,,https://www.youtube.com/watch?v=orEdYKW7GgQ
medicine ball overhead slam,,https://www.youtube.com/watch?v=99DLQtHP7jE
medicine ball supine chest throw,,https://www.youtube.com/watch?v=LS75csmzdAE
mixed grip chin-up,,https://www.youtube.com/watch?v=Oi3bW9nQmGI
modified hindu push-up (male),,https://www.youtube.com/watch?v=QraO1UIy1Uw
modified push up to lower arms,,https://www.youtube.com/watch?v=W0GFFzyYUWI
monster walk,monster-walk.jpg,https://www.youtube.com/watch?v=TeyfkdXAgUg
mountain climber,,https://www.youtube.com/watch?v=7W4JEfEKuC4
muscle up,muscle-up.jpg,https://www.youtube.com/watch?v=JMf9uXBdebA
muscle-up (on vertical bar),,https://www.youtube.com/watch?v=yGGU7UbH1DM
narrow push-up on exercise ball,,https://www.youtube.com/watch?v=lnQSXe10qFQ
neck side stretch,,https://www.youtube.com/watch?v=0Gj3yUvH2Ks
negative crunch,,https://www.youtube.com/watch?v=ZKw4t23ERuw
oblique crunch v. 2,,https://www.youtube.com/watch?v=yc9ULXy5KF4
oblique crunches floor,,https://www.youtube.com/watch?v=Hh9DTupf1vc
olympic barbell hammer curl,,https://www.youtube.com/watch?v=26wMyQKQGyQ
olympic barbell triceps extension,,https://www.youtube.com/watch?v=5IscnabWzKg
one arm against wall,one-arm-against-wall.jpg,https://www.youtube.com/watch?v=J8bod_KX6Cc
one arm chin-up,one-arm-chin-up.jpg,https://www.youtube.com/watch?v=DR6eAWKyNy4
one arm dip,,https://www.youtube.com/watch?v=6JXHH48ifwY
one arm slam (with medicine ball),,https://www.youtube.com/watch?v=fJQ7kFFhaaY
one arm towel row,,https://www.youtube.com/watch?v=FVxT8QuAU-0
one leg donkey calf raise,,https://www.youtube.com/watch?v=FmMqesImeUk
one leg floor calf raise,,https://www.youtube.com/watch?v=qPd73snQfUs
one leg squat,,https://www.youtube.com/watch?v=SGHnCftrZkA
otis up,otis-up.jpg,https://www.youtube.com/watch?v=2use4VrurJo
outside leg kick push-up,,https://www.youtube.com/watch?v=-VsFc5z3TW8
overhead triceps stretch,,https://www.youtube.com/watch?v=-WFQhIRimnw
pelvic tilt,,https://www.youtube.com/watch?v=6Ayl6IXpgyM
pelvic tilt into bridge,pelvic-tilt-into-bridge.jpg,https://www.youtube.com/watch?v=Ewb1714t3_A
peroneals stretch,peroneals-stretch.jpg,https://www.youtube.com/watch?v=E5TDFEzWPdg
pike-to-cobra push-up,,https://www.youtube.com/watch?v=cfdJMbwADC8
plyo push up,plyo-push-up.jpg,https://www.youtube.com/watch?v=nXRFRbYZass
posterior step to overhead reach,,https://www.youtube.com/watch?v=5ugigcKkz_8
posterior tibialis stretch,posterior-tibialis-stretch.jpg,https://www.youtube.com/watch?v=jaADVhTdp5E
potty squat,,https://www.youtube.com/watch?v=jFZwxmSk0tA
potty squat with support,,https://www.youtube.com/watch?v=APBJvhRc_I0
power clean,power-clean.jpg,https://www.youtube.com/watch?v=HFKsnymM_R4
power point plank,,https://www.youtube.com/watch?v=v25dawSzRTM
prisoner half sit-up (male),,https://www.youtube.com/watch?v=HbynJLakSyI
prone twist on stability ball,,https://www.youtube.com/watch?v=AZzblfxqkhw
pull up (neutral grip),,https://www.youtube.com/watch?v=Ai4S1uzMP7A
pull-in (on stability ball),,https://www.youtube.com/watch?v=rAhiUXrzxRw
pull-up,,https://www.youtube.com/watch?v=YQftXitbCh8
push and pull bodyweight,,https://www.youtube.com/watch?v=aRewl4eJ2LQ
push to run,,https://www.youtube.com/watch?v=-iYYEpFgeoE
push up on bosu ball,,https://www.youtube.com/watch?v=77cjqnffXE0
push-up,,https://www.youtube.com/watch?v=HD_7V8Vg1NA
push-up (bosu ball),,https://www.youtube.com/watch?v=FEW8n2QfzsQ
push-up (on stability ball),,https://www.youtube.com/watch?v=0ztnUNC28-o
push-up (on stability ball),,https://www.youtube.com/watch?v=ONb7-Q5Nbhw
push-up (wall),,https://www.youtube.com/watch?v=YWw-3rGaoT0
push-up (wall) v. 2,,https://www.youtube.com/watch?v=YWw-3rGaoT0
push-up close-grip off dumbbell,,https://www.youtube.com/watch?v=CZT3gEobyOo
push-up inside leg kick,,https://www.youtube.com/watch?v=6rLjWEIWbTo
push-up medicine ball,,https://www.youtube.com/watch?v=tZM7y040BXY
push-up on lower arms,,https://www.youtube.com/watch?v=Zy1U98QIXdc
push-up plus,,https://www.youtube.com/watch?v=pKZ-lkKKMws
push-up to side plank,push-up-to-side-plank.jpg,https://www.youtube.com/watch?v=vxxdO3Ks2V4
quads,,https://www.youtube.com/watch?v=A9OxBT-6Mw0
quarter sit-up,,https://www.youtube.com/watch?v=P1z-S1il28U
quick feet v. 2,,https://www.youtube.com/watch?v=mWceqtuUaa8
raise single arm push-up,,https://www.youtube.com/watch?v=bMbgnCDOLJA
rear decline bridge,,https://www.youtube.com/watch?v=RrU4zx4ysnI
rear deltoid stretch,,https://www.youtube.com/watch?v=qq9IkLFxZtw
rear pull-up,,https://www.youtube.com/watch?v=omEctqObHhk
reclining big toe pose with rope,,https://www.youtube.com/watch?v=lTzKD9PYS3A
resistance band hip thrusts on knees (female),,https://www.youtube.com/watch?v=2KZ5J3z7Dtw
resistance band leg extension,,https://www.youtube.com/watch?v=z4Any6eXC3A
resistance band seated biceps curl,,https://www.youtube.com/watch?v=XIHrZeZm9sI
resistance band seated chest press,,https://www.youtube.com/watch?v=T0UJ0W-_yIE
resistance band seated hip abduction,,https://www.youtube.com/watch?v=7-UoGMLHfCc
resistance band seated shoulder press,,https://www.youtube.com/watch?v=KybK2zbg0n4
resistance band seated straight back row,,https://www.youtube.com/watch?v=bBpK36TAQww
reverse crunch,reverse-crunch.jpg,https://www.youtube.com/watch?v=eX9vjAsdWvY
reverse dip,,https://www.youtube.com/watch?v=Zh5xZnL1WzI
reverse grip machine lat pulldown,,https://www.youtube.com/watch?v=bcVzEYmu7YA
reverse grip pull-up,,https://www.youtube.com/watch?v=FVqgCT9H1pg
reverse hyper extension (on stability ball),,https://www.youtube.com/watch?v=zaUq4jvsWO0
reverse hyper on flat bench,,https://www.youtube.com/watch?v=XrUwdAm95us
reverse plank with leg lift,,https://www.youtube.com/watch?v=q37j_H0g5BY
ring dips,ring-dips.jpg,https://www.youtube.com/watch?v=W-hfweOYsG8
rocking frog stretch,,https://www.youtube.com/watch?v=orMZYFWo9P0
rocky pull-up pulldown,,https://www.youtube.com/watch?v=bNmvKpJSWKM
roller back stretch,,https://www.youtube.com/watch?v=XDqz-iYF0YE
roller body saw,,https://www.youtube.com/watch?v=x0TVYi-ygNo
roller hip lat stretch,,https://www.youtube.com/watch?v=LB0cqdKxUJ8
roller hip stretch,,https://www.youtube.com/watch?v=dPA8vw1i1vo
roller reverse crunch,,https://www.youtube.com/watch?v=eX9vjAsdWvY
roller seated shoulder flexor depresor retractor,,https://www.youtube.com/watch?v=8eatxq1ReMk
roller seated single leg shoulder flexor depresor retractor,,https://www.youtube.com/watch?v=kMe2L51hdYQ
roller side lat stretch,,https://www.youtube.com/watch?v=OBubNankJuY
rope climb,rope-climb.jpg,https://www.youtube.com/watch?v=JDCUSve-qJ4
run,,https://www.youtube.com/watch?v=m_G3Zaur8O0
run (equipment),,https://www.youtube.com/watch?v=fG5_ibD2CBY
runners stretch,runners-stretch.jpg,https://www.youtube.com/watch?v=A6pO5wL-Oco
russian twist,russian-twist.jpg,https://www.youtube.com/watch?v=iFQV6q4xRXM
scapula dips,,https://www.youtube.com/watch?v=eiukm4y80Jw
scapula push-up,,https://www.youtube.com/watch?v=3TsOKiUDzw0
scapular pull-up,scapular-pull-up.jpg,https://www.youtube.com/watch?v=9M8ylnbriB0
scissor jumps (male),,https://www.youtube.com/watch?v=ZJ0hLoLzSG0
seated calf stretch (male),,https://www.youtube.com/watch?v=nx9RVV9TC_w
seated glute stretch,,https://www.youtube.com/watch?v=NURGHgR7PDw
seated leg raise,,https://www.youtube.com/watch?v=8xbG2kir7Bo
seated lower back stretch,,https://www.youtube.com/watch?v=1L4fmmA46I0
seated piriformis stretch,,https://www.youtube.com/watch?v=4dV8QUFXiQ4
seated side crunch (wall),,https://www.youtube.com/watch?v=cQn4cBhGy0M
seated wide angle pose sequence,,https://www.youtube.com/watch?v=zcwkNF_eWe4
self assisted inverse leg curl,,https://www.youtube.com/watch?v=e8J2x0SDmIc
self assisted inverse leg curl,,https://www.youtube.com/watch?v=e8J2x0SDmIc
self assisted inverse leg curl (on floor),,https://www.youtube.com/watch?v=lGNeJsdqJwg
semi squat jump (male),,https://www.youtube.com/watch?v=36vnWAkL7ZQ
short stride run,,https://www.youtube.com/watch?v=m_G3Zaur8O0
shoulder grip pull-up,,https://www.youtube.com/watch?v=FVqgCT9H1pg
shoulder tap,,https://www.youtube.com/watch?v=HN6zDgjoKGc
shoulder tap push-up,,https://www.youtube.com/watch?v=n2jS_QxIcos
side bridge hip abduction,,https://www.youtube.com/watch?v=Bj_SfcvxPoY
side bridge v. 2,,https://www.youtube.com/watch?v=uf6gUQUIM7s
side hip (on parallel bars),,https://www.youtube.com/watch?v=YGyuWyYTLoc
side hip abduction,,https://www.youtube.com/watch?v=sFQtAuiVwyo
side lying floor stretch,side-lying-floor-stretch.jpg,https://www.youtube.com/watch?v=TdfRsUbODlM
side lying hip adduction (male),,https://www.youtube.com/watch?v=r-nHZMuRZrE
side plank hip adduction,,https://www.youtube.com/watch?v=nTOewvfv3o8
side push neck stretch,,https://www.youtube.com/watch?v=puWe7ppuYT8
side push-up,,https://www.youtube.com/watch?v=mzr0RYNDzzI
side wrist pull stretch,,https://www.youtube.com/watch?v=eVhwS45-4Fo
side-to-side chin,,https://www.youtube.com/watch?v=-I-qBIBsfEc
side-to-side toe touch (male),,https://www.youtube.com/watch?v=Zb07Fa8RD1w
single arm push-up,single-arm-push-up.jpg,https://www.youtube.com/watch?v=IlWN4SNqaEM
single leg bridge with outstretched leg,,https://www.youtube.com/watch?v=n1IZ168x2Bw
single leg calf raise (on a dumbbell),,https://www.youtube.com/watch?v=E1mG5L9rpFc
single leg platform slide,,https://www.youtube.com/watch?v=zbQD6ZQCUMo
single leg squat (pistol) male,,https://www.youtube.com/watch?v=IfESGr170DY
sissy squat,,https://www.youtube.com/watch?v=AYN-U5nZieY
sit-up v. 2,,https://www.youtube.com/watch?v=sZEiU8NNNRg
sit-up with arms on chest,,https://www.youtube.com/watch?v=VZUDAOL2LI8
skater hops,,https://www.youtube.com/watch?v=_C5YduL30Ho
ski ergometer,,https://www.youtube.com/watch?v=pmK-w3q_mRk
ski step,,https://www.youtube.com/watch?v=pmK-w3q_mRk
skin the cat,,https://www.youtube.com/watch?v=VRYKf97FAsw
sled 45 degrees one leg press,,https://www.youtube.com/watch?v=EotSw18oR9w
sled 45в° calf press,,https://www.youtube.com/watch?v=-pktcXXJo7A
sled 45в° leg press,,https://www.youtube.com/watch?v=EotSw18oR9w
sled 45в° leg press (back pov),,https://www.youtube.com/watch?v=EotSw18oR9w
sled 45° leg press (side pov),,https://www.youtube.com/watch?v=EotSw18oR9w
sled 45в° leg wide press,,https://www.youtube.com/watch?v=O6VPCg2gmfc
sled calf press on leg press,,https://www.youtube.com/watch?v=-pktcXXJo7A
sled closer hack squat,,https://www.youtube.com/watch?v=g9i05umL5vc
sled forward angled calf raise,,https://www.youtube.com/watch?v=f1hipB5gKSY
sled hack squat,,https://www.youtube.com/watch?v=g9i05umL5vc
sled lying calf press,,https://www.youtube.com/watch?v=1cvpm--Y-4I
sled lying squat,,https://www.youtube.com/watch?v=g9i05umL5vc
sled one leg calf press on leg press,,https://www.youtube.com/watch?v=-pktcXXJo7A
sledge hammer,,https://www.youtube.com/watch?v=HzzzASidY-g
smith back shrug,,https://www.youtube.com/watch?v=jvIs7UQjEhQ
smith behind neck press,,https://www.youtube.com/watch?v=Bnl4hRGySCM
smith bench press,,https://www.youtube.com/watch?v=gQ3afio08V8
smith bent knee good morning,,https://www.youtube.com/watch?v=KV-XS8mos_Q
smith bent over row,,https://www.youtube.com/watch?v=ZFNLCpj8e-o
smith chair squat,,https://www.youtube.com/watch?v=iKCJCydYYrE
smith close-grip bench press,,https://www.youtube.com/watch?v=4yKLxOsrGfg
smith deadlift,,https://www.youtube.com/watch?v=neXYBxOY1JQ
smith decline bench press,,https://www.youtube.com/watch?v=RxQ9hTCD6Eo
smith decline reverse-grip press,,https://www.youtube.com/watch?v=RxQ9hTCD6Eo
smith front squat (clean grip),,https://www.youtube.com/watch?v=NO-6L6Blneg
smith full squat,,https://www.youtube.com/watch?v=iKCJCydYYrE
smith hack squat,,https://www.youtube.com/watch?v=b81Wt6N_EfU
smith hip raise,,https://www.youtube.com/watch?v=0e7BFirFZVc
smith incline bench press,,https://www.youtube.com/watch?v=VXaBbUYMfIs
smith incline reverse-grip press,,https://www.youtube.com/watch?v=VXaBbUYMfIs
smith incline shoulder raises,,https://www.youtube.com/watch?v=E7ngsffMPR0
smith leg press,,https://www.youtube.com/watch?v=M2WHCWRGEXQ
smith low bar squat,,https://www.youtube.com/watch?v=B37Z5PnqTJU
smith machine bicep curl,,https://www.youtube.com/watch?v=G228HeUTr5o
smith machine decline close grip bench press,,https://www.youtube.com/watch?v=RxQ9hTCD6Eo
smith machine incline tricep extension,,https://www.youtube.com/watch?v=ohRa_YRmVCk
smith machine reverse decline close grip bench press,,https://www.youtube.com/watch?v=4yKLxOsrGfg
smith narrow row,,https://www.youtube.com/watch?v=2fFIRmW5Quw
smith one arm row,,https://www.youtube.com/watch?v=KMM64O0Acm8
smith one leg floor calf raise,,https://www.youtube.com/watch?v=Si2z1bf4_IQ
smith rear delt row,,https://www.youtube.com/watch?v=2fFIRmW5Quw
smith reverse calf raises,,https://www.youtube.com/watch?v=sO1z-zhWG_E
smith reverse calf raises,,https://www.youtube.com/watch?v=sO1z-zhWG_E
smith reverse grip bent over row,,https://www.youtube.com/watch?v=FWJR5Ve8bnQ
smith reverse-grip press,,https://www.youtube.com/watch?v=1hCQPj8qeNI
smith seated one leg calf raise,,https://www.youtube.com/watch?v=ar8nav0jGoE
smith seated shoulder press,,https://www.youtube.com/watch?v=E7ngsffMPR0
smith seated wrist curl,,https://www.youtube.com/watch?v=Z7P7n9YzOjI
smith shoulder press,,https://www.youtube.com/watch?v=E7ngsffMPR0
smith shrug,,https://www.youtube.com/watch?v=MlqHEfydPpE
smith single leg split squat,smith-single-leg-split-squat.jpg,https://www.youtube.com/watch?v=sz4u-Sow7UU
smith sprint lunge,,https://www.youtube.com/watch?v=ZwYTwinK-mQ
smith squat,,https://www.youtube.com/watch?v=iKCJCydYYrE
smith standing back wrist curl,,https://www.youtube.com/watch?v=Cj9RNAYD7iY
smith standing behind head military press,,https://www.youtube.com/watch?v=Bnl4hRGySCM
smith standing leg calf raise,,https://www.youtube.com/watch?v=Si2z1bf4_IQ
smith standing military press,,https://www.youtube.com/watch?v=3RdVYQ8l_V8
smith sumo squat,,https://www.youtube.com/watch?v=9x1Qm9LbJg8
smith toe raise,,https://www.youtube.com/watch?v=r9gwUEllD5E
smith upright row,,https://www.youtube.com/watch?v=-Anm7xrLikg
smith wide grip bench press,,https://www.youtube.com/watch?v=gQ3afio08V8
smith wide grip decline bench press,,https://www.youtube.com/watch?v=ZZZLtgOKqfk
snatch pull,snatch-pull.jpg,https://www.youtube.com/watch?v=xZgYL4s8E1w
spell caster,spell-caster.jpg,https://www.youtube.com/watch?v=YJK_UB07Tk0
sphinx,,https://www.youtube.com/watch?v=vo1V3Q-PD78
spider crawl push up,,https://www.youtube.com/watch?v=iQysWGaHcBU
spine stretch,,https://www.youtube.com/watch?v=1L4fmmA46I0
spine twist,,https://www.youtube.com/watch?v=9N3hEtsHpOA
split squats,split-squats.jpg,https://www.youtube.com/watch?v=YuLqw3kHPaw
squat jerk,squat-jerk.jpg,https://www.youtube.com/watch?v=41CzP21BzCM
squat on bosu ball,,https://www.youtube.com/watch?v=HeU7unDX29o
squat to overhead reach,,https://www.youtube.com/watch?v=ujNy4KGkMnQ
squat to overhead reach with twist,,https://www.youtube.com/watch?v=UBjPHUd0Ep0
stability ball crunch (full range hands behind head),,https://www.youtube.com/watch?v=yfSi9pYYY0w
stalder press,,https://www.youtube.com/watch?v=p3xc1Aacdno
standing archer,,https://www.youtube.com/watch?v=mzr0RYNDzzI
standing behind neck press,,https://www.youtube.com/watch?v=cH4JCbnQD3o
standing calf raise (on a staircase),,https://www.youtube.com/watch?v=MABEKpLkRsI
standing calves,,https://www.youtube.com/watch?v=fZYTVO9-Ggk
standing calves calf stretch,,https://www.youtube.com/watch?v=7SO6QzfBRaE
standing hamstring and calf stretch with strap,,https://www.youtube.com/watch?v=3c8OkUNF5X0
standing lateral stretch,standing-lateral-stretch.jpg,https://www.youtube.com/watch?v=iPQ2rPyAbl0
standing pelvic tilt,standing-pelvic-tilt.jpg,https://www.youtube.com/watch?v=MnvcnjCf710
standing single leg curl,,https://www.youtube.com/watch?v=SkF6iasJE4o
standing wheel rollerout,,https://www.youtube.com/watch?v=c_v5qrdy3wU
star jump (male),,https://www.youtube.com/watch?v=eRMQuN34v7w
stationary bike run v. 3,,https://www.youtube.com/watch?v=k4TK5QDGDI4
stationary bike walk,,https://www.youtube.com/watch?v=izkkfnhirak
straddle maltese,,https://www.youtube.com/watch?v=2XQFml6NPP8
straddle planche,,https://www.youtube.com/watch?v=pHZzy14YCJk
straight leg outer hip abductor,,https://www.youtube.com/watch?v=BXs0PIkdXGs
superman push-up,,https://www.youtube.com/watch?v=3lCGlgYi6b0
suspended abdominal fallout,,https://www.youtube.com/watch?v=I2idaT6YC9c
suspended push-up,suspended-push-up.jpg,https://www.youtube.com/watch?v=Cl-UKHtFgdU
suspended reverse crunch,suspended-reverse-crunch.jpg,https://www.youtube.com/watch?v=eX9vjAsdWvY
suspended row,suspended-row.jpg,https://www.youtube.com/watch?v=vZy_Eu_Z0WA
suspended split squat,suspended-split-squat.jpg,https://www.youtube.com/watch?v=YuLqw3kHPaw
swimmer kicks v. 2 (male),,https://www.youtube.com/watch?v=rhxF3fqtduo
swing 360,,https://www.youtube.com/watch?v=0uAbiTmu67I
three bench dip,,https://www.youtube.com/watch?v=4ua3MzaU0QU
tire flip,tire-flip.jpg,https://www.youtube.com/watch?v=aIDjGG_xwHg
trap bar deadlift,trap-bar-deadlift.jpg,https://www.youtube.com/watch?v=v-SrIcAp3vM
triceps dip,,https://www.youtube.com/watch?v=4ua3MzaU0QU
triceps dip (bench leg),,https://www.youtube.com/watch?v=4ua3MzaU0QU
triceps dip (between benches),,https://www.youtube.com/watch?v=4ua3MzaU0QU
triceps dips floor,,https://www.youtube.com/watch?v=_YXU7tcPicI
triceps press,,https://www.youtube.com/watch?v=2NOglxsG1wE
triceps stretch,triceps-stretch.jpg,https://www.youtube.com/watch?v=xuN74WUuXqU
tuck crunch,tuck-crunch.jpg,https://www.youtube.com/watch?v=MNzNeH--Pgs
twin handle parallel grip lat pulldown,,https://www.youtube.com/watch?v=ln1lZhwlCKs
twist hip lift,,https://www.youtube.com/watch?v=SWLVSeKoWII
twisted leg raise,,https://www.youtube.com/watch?v=Gw_3oAQyHXA
twisted leg raise (female),,https://www.youtube.com/watch?v=6cKTtcWxvQo
two toe touch (male),,https://www.youtube.com/watch?v=lS9pWyF5UAI
upper back stretch,upper-back-stretch.jpg,https://www.youtube.com/watch?v=MNy_sHPTCDY
upward facing dog,,https://www.youtube.com/watch?v=cNeulZSBdug
v-sit on floor,,https://www.youtube.com/watch?v=iLHva1nqDM8
vertical leg raise (on parallel bars),,https://www.youtube.com/watch?v=LJrqxoI3KXw
walk elliptical cross trainer,,https://www.youtube.com/watch?v=WVfY6CjzHnE
walking high knees lunge,,https://www.youtube.com/watch?v=2ea3_b9rFdM
walking lunge,,https://www.youtube.com/watch?v=2ea3_b9rFdM
walking on incline treadmill,,https://www.youtube.com/watch?v=JGzA6FPzZS8
walking on stepmill,,https://www.youtube.com/watch?v=6mYp_BNYD5Y
weighted bench dip,weighted-bench-dip.jpg,https://www.youtube.com/watch?v=4ua3MzaU0QU
weighted close grip chin-up on dip cage,,https://www.youtube.com/watch?v=1Di731jDmDM
weighted cossack squats (male),,https://www.youtube.com/watch?v=MJvazUpmdZU
weighted crunch,,https://www.youtube.com/watch?v=Yg6GsyZoqK0
weighted decline sit-up,,https://www.youtube.com/watch?v=xfNAzPwNRqw
weighted donkey calf raise,,https://www.youtube.com/watch?v=XLF6aHIqATk
weighted drop push up,,https://www.youtube.com/watch?v=z4oz6W1X10w
weighted front plank,,https://www.youtube.com/watch?v=QYdpP6KXYf8
weighted front raise,,https://www.youtube.com/watch?v=h9xfpTrAvkE
weighted hanging leg-hip raise,,https://www.youtube.com/watch?v=XQc0WHO90Lk
weighted hyperextension (on stability ball),,https://www.youtube.com/watch?v=2fzSz0RGsQ4
weighted kneeling step with swing,,https://www.youtube.com/watch?v=3lMRRqyTuK8
weighted lunge with swing,,https://www.youtube.com/watch?v=tR4cfEutWuM
weighted muscle up,,https://www.youtube.com/watch?v=WuvOAU0vMnw
weighted muscle up (on bar),,https://www.youtube.com/watch?v=gztsMBolVJE
weighted one hand pull up,,https://www.youtube.com/watch?v=-_oiEWga0yM
weighted overhead crunch (on stability ball),,https://www.youtube.com/watch?v=q0Y-FNGNpC8
weighted pull-up,,https://www.youtube.com/watch?v=k2mvvcU1Lq8
weighted round arm,,https://www.youtube.com/watch?v=YEyFdtni3uU
weighted russian twist,,https://www.youtube.com/watch?v=MKfv0WiTeEQ
weighted russian twist (legs up),,https://www.youtube.com/watch?v=MKfv0WiTeEQ
weighted russian twist v. 2,,https://www.youtube.com/watch?v=MKfv0WiTeEQ
weighted seated bicep curl (on stability ball),,https://www.youtube.com/watch?v=T-G7N6wTt9Y
weighted seated twist (on stability ball),,https://www.youtube.com/watch?v=9ARBLduQ7lQ
weighted side bend (on stability ball),,https://www.youtube.com/watch?v=-cYFmmlq7VE
weighted sissy squat,weighted-sissy-squat.jpg,https://www.youtube.com/watch?v=AYN-U5nZieY
weighted squat,weighted-squat.jpg,https://www.youtube.com/watch?v=gzd9gcsr4Bs
weighted standing curl,,https://www.youtube.com/watch?v=2jpteC44QKg
weighted standing hand squeeze,,https://www.youtube.com/watch?v=n6Lr_mLP4h4
weighted straight bar dip,,https://www.youtube.com/watch?v=srkKXSbj1os
weighted stretch lunge,,https://www.youtube.com/watch?v=wrwwXE_x-pQ
weighted svend press,,https://www.youtube.com/watch?v=OZ1thS_rrpg
weighted three bench dips,,https://www.youtube.com/watch?v=4ua3MzaU0QU
weighted tricep dips,,https://www.youtube.com/watch?v=4ua3MzaU0QU
weighted triceps dip on high parallel bars,,https://www.youtube.com/watch?v=4ua3MzaU0QU
wheel rollerout,,https://www.youtube.com/watch?v=ndc391RFNUM
wheel run,,https://www.youtube.com/watch?v=5ipAptoFZog
wide grip pull-up,,https://www.youtube.com/watch?v=omEctqObHhk
wide grip rear pull-up,wide-grip-rear-pull-up.jpg,https://www.youtube.com/watch?v=omEctqObHhk
wide hand push up,,https://www.youtube.com/watch?v=TEGkpxBvU_Y
wide-grip chest dip on high parallel bars,,https://www.youtube.com/watch?v=P5TlJiu68lA
wind sprints,wind-sprints.jpg,https://www.youtube.com/watch?v=EpDo08LJ1JY
world greatest stretch,,https://www.youtube.com/watch?v=kSPS_HIQv8E
wrist circles,wrist-circles.jpg,https://www.youtube.com/watch?v=taGTm-sRgVU
wrist rollerer,,https://www.youtube.com/watch?v=DnOYQCF0VsA
